"Corr.surf","Dist.true.cent","Normal","Log.norm","Beta","Gamma","approach","centr.conf","model"
0.816936426774046,39.3224372017891,1,0,0,2,"PPM","outer","Saturated"
0.795084614178968,186.743659337778,1,0,1,1,"PPM","outer","Saturated"
0.458764821638717,664.779668488342,0,2,0,1,"PPM","outer","Saturated"
0.95150881013832,119.046095059654,1,0,2,0,"PPM","outer","Saturated"
0.975995725195543,5431.74742339342,2,0,0,1,"PPM","outer","Saturated"
0.986658642580301,3493.39667513897,0,1,0,2,"PPM","outer","Saturated"
0.925029917698036,5.8265640204179,1,0,2,0,"PPM","outer","Saturated"
0.924154903625696,10.5360735381817,2,1,0,0,"PPM","outer","Saturated"
0.938109857319712,10.816961878751,3,0,0,0,"PPM","outer","Saturated"
0.344508711573637,259.483013378741,1,0,0,2,"PPM","outer","Saturated"
0.906455153729364,865.420086103126,1,1,0,1,"PPM","outer","Saturated"
0.79201990221218,110.10074730692,1,0,1,1,"PPM","outer","Saturated"
0.970265031387245,100.946174809812,1,1,0,1,"PPM","outer","Saturated"
0.969119020299829,135.929209333972,1,0,0,2,"PPM","outer","Saturated"
0.984321837427665,950.485573513761,2,0,1,0,"PPM","outer","Saturated"
0.937065205174159,11.2576588674673,2,0,1,0,"PPM","outer","Saturated"
0.964682904940805,6712.25405722431,3,0,0,0,"PPM","outer","Saturated"
0.909812953573415,11.2323860596097,2,1,0,0,"PPM","outer","Saturated"
0.11869704083911,1335.72923973416,1,1,0,1,"PPM","outer","Saturated"
0.61361060913604,55.7825626353786,1,0,1,1,"PPM","outer","Saturated"
0.949420484170431,3.0376251779392,3,0,0,0,"PPM","outer","Saturated"
0.0924216257779683,790.495404377124,1,1,0,1,"PPM","outer","Saturated"
0.889986416384587,8.31534141860302,2,0,0,1,"PPM","outer","Saturated"
0.992459175361369,13.6482928654406,2,0,1,0,"PPM","outer","Saturated"
0.913587643620907,23.298353613376,2,0,1,0,"PPM","outer","Saturated"
0.955468773332123,342.131210696639,1,1,1,0,"PPM","outer","Saturated"
0.605808292322258,658.173073836853,0,1,0,2,"PPM","outer","Saturated"
0.931882738782846,5.86333271708561,3,0,0,0,"PPM","outer","Saturated"
0.984088207087422,14.8303832132745,2,0,1,0,"PPM","outer","Saturated"
0.959808336575068,1159.84447577365,1,1,1,0,"PPM","outer","Saturated"
0.930050500995967,9.69288946698731,1,1,1,0,"PPM","outer","Saturated"
0.977883212325222,65322.336160695,2,1,0,0,"PPM","outer","Saturated"
0.130633979451179,1932.83782893407,0,1,0,2,"PPM","outer","Saturated"
0.962953032694405,6.5005171469054,1,0,1,1,"PPM","outer","Saturated"
0.980304820961276,223.914344757473,0,1,1,1,"PPM","outer","Saturated"
0.978668253403686,1.51541245169331,0,0,2,1,"PPM","outer","Saturated"
0.197480518253255,432.006456866141,1,1,1,0,"PPM","outer","Saturated"
0.897844655409267,26.529278456523,1,0,1,1,"PPM","outer","Saturated"
0.416548120029103,28720.7331198087,1,1,0,1,"PPM","outer","Saturated"
0.866748192076512,15.6032834978668,2,0,0,1,"PPM","outer","Saturated"
0.933417806260155,40.2943850489315,0,1,1,1,"PPM","outer","Saturated"
0.959665453916963,11.4129555005928,2,0,0,1,"PPM","outer","Saturated"
0.949372237187384,378.389850019655,2,0,1,0,"PPM","outer","Saturated"
0.973219511626932,43.9016197600398,2,0,1,0,"PPM","outer","Saturated"
0.990674833679814,0.208937453751195,2,0,0,1,"PPM","outer","Saturated"
0.871136956517701,218.42787204183,0,2,0,1,"PPM","outer","Saturated"
0.923342400004534,10.6253520654219,1,1,1,0,"PPM","outer","Saturated"
0.953155134563624,16.0865707860786,1,0,0,2,"PPM","outer","Saturated"
0.949765621680338,310.035545483734,2,1,0,0,"PPM","outer","Saturated"
0.966843832193712,46.6505209751058,3,0,0,0,"PPM","outer","Saturated"
0.945156605237756,9.92564968817264,0,1,1,1,"PPM","outer","Saturated"
0.265643826009793,3377.65072260056,0,2,0,1,"PPM","outer","Saturated"
0.962213132912897,998.165139562201,1,0,1,1,"PPM","outer","Saturated"
0.22234183516635,1074.3432614012,0,1,2,0,"PPM","outer","Saturated"
0.941309495874731,7.51117857104418,3,0,0,0,"PPM","outer","Saturated"
0.858929122835945,35.1517857528357,2,1,0,0,"PPM","outer","Saturated"
0.482531300851183,111.554763133483,1,1,1,0,"PPM","outer","Saturated"
0.318175581820707,452.83604923402,2,1,0,0,"PPM","outer","Saturated"
0.566167739026141,327.985090700849,1,1,0,1,"PPM","outer","Saturated"
0.301077819377371,449.608997228879,2,1,0,0,"PPM","outer","Saturated"
0.961108565042124,41780.3155827359,1,2,0,0,"PPM","outer","Saturated"
0.0450362971467057,8066.00971882878,2,0,0,1,"PPM","outer","Saturated"
0.83584369690288,94.7673566372196,1,1,0,1,"PPM","outer","Saturated"
0.983513758316857,254.813902697432,1,0,0,2,"PPM","outer","Saturated"
0.921040118900279,10.2755721241881,2,0,1,0,"PPM","outer","Saturated"
0.801124665406719,15.5656470246711,1,0,1,1,"PPM","outer","Saturated"
0.970020756651905,5.50566741553085,1,1,0,1,"PPM","outer","Saturated"
0.971659429909168,60.5258980068887,1,0,1,1,"PPM","outer","Saturated"
0.969821998753034,5.9503036776241,2,0,1,0,"PPM","outer","Saturated"
0.920638551923141,317.730184748491,1,1,1,0,"PPM","outer","Saturated"
0.954964942896039,3.17393334248918,1,0,1,1,"PPM","outer","Saturated"
0.873307735281399,1116.25125349185,1,0,0,2,"PPM","outer","Saturated"
0.127030136719761,1537.49991870469,1,1,1,0,"PPM","outer","Saturated"
0.974111721729635,554.260949460175,1,0,1,1,"PPM","outer","Saturated"
0.972815146690775,1.67728085733713,2,0,0,1,"PPM","outer","Saturated"
0.0425063675850279,5993.40599761314,2,0,0,1,"PPM","outer","Saturated"
0.98610160871369,5.17092716848748,2,0,0,1,"PPM","outer","Saturated"
0.418659558251754,148.458023012874,0,2,1,0,"PPM","outer","Saturated"
0.104347454369591,2080.80183622623,2,0,0,1,"PPM","outer","Saturated"
0.275784335616174,768.561868254375,0,1,0,2,"PPM","outer","Saturated"
0.124628402376991,2139.06621061933,0,1,0,2,"PPM","outer","Saturated"
0.95476320850722,8.62456029965902,2,0,1,0,"PPM","outer","Saturated"
0.182787133992487,1178.5346738994,0,1,2,0,"PPM","outer","Saturated"
0.480024757432546,88.5881190963784,1,1,0,1,"PPM","outer","Saturated"
0.8413755822916,25.3193933444535,0,0,2,1,"PPM","outer","Saturated"
0.934643892837111,12.4989391296537,3,0,0,0,"PPM","outer","Saturated"
0.210937559155707,431.412258342619,0,3,0,0,"PPM","outer","Saturated"
0.379161813832427,1095.44063219045,0,3,0,0,"PPM","outer","Saturated"
0.960119839799324,3.1253205093249,1,1,1,0,"PPM","outer","Saturated"
0.142832185126154,973.333102940629,2,1,0,0,"PPM","outer","Saturated"
0.969777980051281,15227.0049809719,0,2,0,1,"PPM","outer","Saturated"
0.967718400104504,806.785205724863,2,1,0,0,"PPM","outer","Saturated"
0.819597555353547,459.137708944056,0,2,1,0,"PPM","outer","Saturated"
0.767028164563751,37.219633818921,1,0,0,2,"PPM","outer","Saturated"
0.95547770275023,897.897836053203,2,0,0,1,"PPM","outer","Saturated"
0.989420966581977,13.4827107547531,0,0,1,2,"PPM","outer","Saturated"
0.903022631184695,106.181037196991,2,1,0,0,"PPM","outer","Saturated"
0.907953437196327,760.004563346147,0,1,1,1,"PPM","outer","Saturated"
0.605844191967699,77.1070261295016,1,1,1,0,"PPM","outer","Saturated"
0.943994742238857,23009.2766541805,1,0,1,1,"PPM","outer","Saturated"
0.8966047443465,3.23235653272086,0,0,3,0,"PPM","outer","Saturated"
0.964105144052954,89.4140057334058,1,0,1,1,"PPM","outer","Saturated"
0.110437283381158,3054.66540248319,1,1,1,0,"PPM","outer","Saturated"
0.946386201946202,6.28296770565564,3,0,0,0,"PPM","outer","Saturated"
0.92649907149071,425.404059406245,0,2,1,0,"PPM","outer","Saturated"
0.288864412286708,2056.82917232499,0,1,2,0,"PPM","outer","Saturated"
0.922950555942755,26.7695409232084,1,2,0,0,"PPM","outer","Saturated"
0.815842117476341,242.593062784556,1,1,0,1,"PPM","outer","Saturated"
0.889093494446064,14.1230605976575,1,0,1,1,"PPM","outer","Saturated"
0.90196917252073,13.9191951335514,1,0,1,1,"PPM","outer","Saturated"
0.919874704869085,43.2048154909041,1,1,0,1,"PPM","outer","Saturated"
0.809551600979798,85.3968127633785,2,0,0,1,"PPM","outer","Saturated"
0.962157697016476,412.633587807456,1,1,1,0,"PPM","outer","Saturated"
0.206266588137692,649.691752975985,2,0,0,1,"PPM","outer","Saturated"
0.185952665019014,765.934144652098,0,0,1,2,"PPM","outer","Saturated"
0.0173709171467255,1889.10150052805,1,1,1,0,"PPM","outer","Saturated"
0.881987828613713,24.1661235460977,2,0,0,1,"PPM","outer","Saturated"
0.864442689592595,14.2893030387939,2,0,1,0,"PPM","outer","Saturated"
0.195953685612297,1209.41629924803,0,1,0,2,"PPM","outer","Saturated"
0.987836593221581,4.15169119990628,2,1,0,0,"PPM","outer","Saturated"
0.0734340735914212,2055.26849168812,2,0,0,1,"PPM","outer","Saturated"
0.938133978780147,6.89477349408221,2,1,0,0,"PPM","outer","Saturated"
0.544580324156061,42.9344887347864,0,0,1,2,"PPM","outer","Saturated"
0.955322645528149,7.33398689097416,1,0,2,0,"PPM","outer","Saturated"
0.0369481621049363,1762.10249723778,1,2,0,0,"PPM","outer","Saturated"
0.936083067414848,924.596011992072,1,1,1,0,"PPM","outer","Saturated"
0.964482739267954,765.312539237148,1,0,1,1,"PPM","outer","Saturated"
0.957452956631265,26.5624254716968,1,0,1,1,"PPM","outer","Saturated"
0.829347816272168,1435.02857068326,1,0,1,1,"PPM","outer","Saturated"
0.971889201554446,2.28704418858087,1,2,0,0,"PPM","outer","Saturated"
0.983148360965359,199.696281601574,1,0,1,1,"PPM","outer","Saturated"
0.992325793668161,7930570.16713786,2,1,0,0,"PPM","outer","Saturated"
0.953841412147901,8.11893232572401,0,1,2,0,"PPM","outer","Saturated"
0.879872309950227,1294.86378076261,1,1,0,1,"PPM","outer","Saturated"
0.983334332828967,41.1482453295397,2,0,1,0,"PPM","outer","Saturated"
0.585484594209461,101.454725944476,2,1,0,0,"PPM","outer","Saturated"
0.92854916504085,7.66219891731661,2,0,0,1,"PPM","outer","Saturated"
0.262049075467774,266.311509121689,1,1,1,0,"PPM","outer","Saturated"
0.588343444075231,471.367686771762,1,1,0,1,"PPM","outer","Saturated"
0.973544309812027,0.74097206825946,1,0,2,0,"PPM","outer","Saturated"
0.942500952241021,1478.04464991073,1,1,1,0,"PPM","outer","Saturated"
0.166018771434146,3912.1903938631,1,1,0,1,"PPM","outer","Saturated"
0.961002143814105,2667010.74587249,1,0,0,2,"PPM","outer","Saturated"
0.331308647129995,789.896391278889,1,2,0,0,"PPM","outer","Saturated"
0.958334701882657,26.6285557936286,1,0,2,0,"PPM","outer","Saturated"
0.854019590164445,17329.7278208601,2,0,0,1,"PPM","outer","Saturated"
0.970029205969901,9.12677652783334,2,1,0,0,"PPM","outer","Saturated"
0.838856891749135,163.710381915293,1,1,0,1,"PPM","outer","Saturated"
0.959795866512301,7.26110087579496,3,0,0,0,"PPM","outer","Saturated"
0.949610278537713,17.7920278458393,1,0,1,1,"PPM","outer","Saturated"
0.212863186427653,873.973410248739,2,1,0,0,"PPM","outer","Saturated"
0.863641700204677,6.57252173094657,0,1,0,2,"PPM","outer","Saturated"
0.985068729350275,5.42186706375537,1,0,1,1,"PPM","outer","Saturated"
0.956924997991909,1.17363225236827,2,0,0,1,"PPM","outer","Saturated"
0.944525836147437,106.931394022688,0,0,0,3,"PPM","outer","Saturated"
0.173892383203614,1015.94107403531,1,2,0,0,"PPM","outer","Saturated"
0.920589440412115,685020.308191588,0,3,0,0,"PPM","outer","Saturated"
0.984276693333372,26545.0362484608,2,1,0,0,"PPM","outer","Saturated"
0.914290875526174,14.0481695631177,2,0,0,1,"PPM","outer","Saturated"
0.969771596602131,21941.2585426887,1,1,1,0,"PPM","outer","Saturated"
0.739260313005657,104.486803566476,0,1,0,2,"PPM","outer","Saturated"
0.965870512314826,5.52104444796989,2,0,1,0,"PPM","outer","Saturated"
0.984298321166565,0.796035759123514,1,0,1,1,"PPM","outer","Saturated"
0.910576108668636,112.056103863826,1,0,1,1,"PPM","outer","Saturated"
0.863101496593883,140.419309132132,2,0,0,1,"PPM","outer","Saturated"
0.992921758180178,78.455405132341,0,0,3,0,"PPM","outer","Saturated"
0.573131626665784,115.333471770825,0,1,1,1,"PPM","outer","Saturated"
0.976750963601428,165.755037317052,1,2,0,0,"PPM","outer","Saturated"
0.455337912624296,196.969801321594,0,1,0,2,"PPM","outer","Saturated"
0.893949334545087,83.9097549183045,2,1,0,0,"PPM","outer","Saturated"
0.980923611010185,2.32680939354865,1,0,2,0,"PPM","outer","Saturated"
0.815343439084388,14.5698759797126,1,0,0,2,"PPM","outer","Saturated"
0.904342422123128,108.798738489744,1,0,0,2,"PPM","outer","Saturated"
0.918901148158891,9.71776582128651,1,1,1,0,"PPM","outer","Saturated"
0.972219339023419,6.13408434770379,2,0,0,1,"PPM","outer","Saturated"
0.966730540625306,1.90321976972023,2,0,1,0,"PPM","outer","Saturated"
0.936317787742766,5702.25369337982,1,0,0,2,"PPM","outer","Saturated"
0.973489585887426,1.92568512404328,1,0,2,0,"PPM","outer","Saturated"
0.344218958210504,211.781283350761,1,0,0,2,"PPM","outer","Saturated"
0.962430021064238,22.0288258026174,1,1,0,1,"PPM","outer","Saturated"
0.990699692497345,14.6363488877511,1,0,1,1,"PPM","outer","Saturated"
0.296402759443912,268.768700590783,1,1,1,0,"PPM","outer","Saturated"
0.947037002793738,1342.10355062062,2,1,0,0,"PPM","outer","Saturated"
0.213214173456024,328.417341431939,1,1,1,0,"PPM","outer","Saturated"
0.965383699863154,7.3859577910326,2,0,0,1,"PPM","outer","Saturated"
0.163303859965429,867.485837714311,2,0,0,1,"PPM","outer","Saturated"
0.966662279896865,3.00370003516182,2,0,1,0,"PPM","outer","Saturated"
0.974809299517298,10.9271958547423,3,0,0,0,"PPM","outer","Saturated"
0.966760223654442,2794.93478909646,1,0,1,1,"PPM","outer","Saturated"
0.941825745567611,4.2228639457943,2,0,1,0,"PPM","outer","Saturated"
0.950354505024592,2.86399295074245,3,0,0,0,"PPM","outer","Saturated"
0.415769952989516,228.072601661526,1,1,1,0,"PPM","outer","Saturated"
0.984489300387394,100.163605313299,2,0,1,0,"PPM","outer","Saturated"
0.970304281171761,33.6171209031843,0,0,2,1,"PPM","outer","Saturated"
0.932724876409779,13.2327686120366,0,1,2,0,"PPM","outer","Saturated"
0.946032728594168,4.78417003532411,1,0,2,0,"PPM","outer","Saturated"
0.523528197353183,169.168632923864,0,0,2,1,"PPM","outer","Saturated"
0.973357282943604,4071.2547498382,0,0,0,3,"PPM","outer","Saturated"
0.244022766474438,281.624121333038,0,1,1,1,"PPM","outer","Saturated"
0.938316684969731,11.7069064081753,1,0,1,1,"PPM","outer","Saturated"
0.895808568013282,48.1213664989216,0,2,0,1,"PPM","outer","Saturated"
0.947477266972836,623.994120653228,1,1,0,1,"PPM","outer","Saturated"
0.0783382797568007,1626.288619739,1,2,0,0,"PPM","outer","Saturated"
0.93806858255272,9.91100407924727,1,1,1,0,"PPM","outer","Saturated"
0.260720025659844,1123.36862930542,0,1,0,2,"PPM","outer","Saturated"
0.966949261423153,110.426283058268,2,1,0,0,"PPM","outer","Saturated"
0.973387015305865,10.5189555366003,2,0,1,0,"PPM","outer","Saturated"
0.130742196812084,1574.86733250881,1,1,0,1,"PPM","outer","Saturated"
0.947704118596553,7.5199857998282,2,0,1,0,"PPM","outer","Saturated"
0.926039996555419,5.71906716286005,3,0,0,0,"PPM","outer","Saturated"
0.715306014746169,52.7188309694149,1,0,1,1,"PPM","outer","Saturated"
0.880327190874505,396644.995073439,1,1,0,1,"PPM","outer","Saturated"
0.986070889600281,170.799177879573,1,2,0,0,"PPM","outer","Saturated"
0.463542328567232,108.218002759238,1,1,1,0,"PPM","outer","Saturated"
0.339792443646743,4367.63787507526,0,2,1,0,"PPM","outer","Saturated"
0.886780458216915,3333.4378372674,1,0,0,2,"PPM","outer","Saturated"
0.868850179582646,11.4229459544509,2,0,1,0,"PPM","outer","Saturated"
0.175795747798532,1061.51795215288,0,3,0,0,"PPM","outer","Saturated"
0.883836543335801,31.6774012033523,2,1,0,0,"PPM","outer","Saturated"
0.238615325451729,1474.37100409639,0,3,0,0,"PPM","outer","Saturated"
0.941074811014284,4.25767349884762,1,0,0,2,"PPM","outer","Saturated"
0.994709252445597,38.9051860134653,1,2,0,0,"PPM","outer","Saturated"
0.951769913740904,554.630544308957,1,1,1,0,"PPM","outer","Saturated"
0.973308380234871,4.23567962417336,2,1,0,0,"PPM","outer","Saturated"
0.8468500557276,15.2524300060865,1,0,1,1,"PPM","outer","Saturated"
0.942164745058223,7.2515460601298,2,0,1,0,"PPM","outer","Saturated"
0.482254370890363,720.721026349439,1,0,0,2,"PPM","outer","Saturated"
0.144669156947669,1169.95460126462,1,1,0,1,"PPM","outer","Saturated"
0.96455412379439,3.58680819166683,2,0,1,0,"PPM","outer","Saturated"
0.59116718746722,106.387348771361,0,0,1,2,"PPM","outer","Saturated"
0.874534598363614,842.944532242021,2,1,0,0,"PPM","outer","Saturated"
0.989626104387529,12.640056568324,1,1,1,0,"PPM","outer","Saturated"
0.946536951525801,9.76330601580163,2,0,1,0,"PPM","outer","Saturated"
0.868984857881098,92.0735115920585,2,0,0,1,"PPM","outer","Saturated"
0.586796992991345,1187.94823355202,2,1,0,0,"PPM","outer","Saturated"
0.910841140702049,90.5824845822083,0,0,2,1,"PPM","outer","Saturated"
0.904050362533371,204.208292432393,1,2,0,0,"PPM","outer","Saturated"
0.987359800343422,15.5809729653187,1,0,1,1,"PPM","outer","Saturated"
0.773823161470834,44.7340392893367,1,1,0,1,"PPM","outer","Saturated"
0.967444905499514,1.69679540741823,0,1,2,0,"PPM","outer","Saturated"
0.961373238173152,111.515563507599,0,0,1,2,"PPM","outer","Saturated"
0.969038029983044,3.16404133852825,2,0,1,0,"PPM","outer","Saturated"
0.725793751715941,142.42545863741,2,0,1,0,"PPM","outer","Saturated"
0.058302585678355,2064.85798768327,0,0,1,2,"PPM","outer","Saturated"
0.947340457713667,1.85791889824471,3,0,0,0,"PPM","outer","Saturated"
0.979649610516273,9.04782106340029,1,1,1,0,"PPM","outer","Saturated"
0.946811159306708,6.36789219046893,2,0,0,1,"PPM","outer","Saturated"
0.94526790095172,294.027356743239,1,1,0,1,"PPM","outer","Saturated"
0.951500505687011,5.44556055318778,0,0,2,1,"PPM","outer","Saturated"
0.972678412819769,10.5989499773425,2,0,1,0,"PPM","outer","Saturated"
0.788205469158967,26.0895512000436,1,0,1,1,"PPM","outer","Saturated"
0.991742066952936,6318.18479296701,2,0,1,0,"PPM","outer","Saturated"
0.903482511444198,24.8219216608356,0,0,0,3,"PPM","outer","Saturated"
0.949183445690584,12.0060032753983,2,0,0,1,"PPM","outer","Saturated"
0.122560629672967,781.449116080221,1,1,0,1,"PPM","outer","Saturated"
0.935624287834364,19.4678101901929,0,2,0,1,"PPM","outer","Saturated"
0.946009139691743,684.739917634318,1,2,0,0,"PPM","outer","Saturated"
0.952871896941714,24.9699929501537,2,0,1,0,"PPM","outer","Saturated"
0.982876531568059,48.2748494011102,1,0,1,1,"PPM","outer","Saturated"
0.948602222318233,28259.4090729651,2,1,0,0,"PPM","outer","Saturated"
0.924403567652058,4.02370894286047,0,0,3,0,"PPM","outer","Saturated"
0.974293319145298,8.97141262382761,2,0,1,0,"PPM","outer","Saturated"
0.90793644611993,147.129822869678,0,2,1,0,"PPM","outer","Saturated"
0.307408350814604,501.549471680886,2,1,0,0,"PPM","outer","Saturated"
0.91359383253165,73.937970027044,0,1,1,1,"PPM","outer","Saturated"
0.979438894190709,0.504244784307805,1,1,1,0,"PPM","outer","Saturated"
0.825524697822795,74.1750516973175,1,1,0,1,"PPM","outer","Saturated"
0.799996890679255,48.4078804099175,1,2,0,0,"PPM","outer","Saturated"
0.675702283360557,77.2993215356382,1,2,0,0,"PPM","outer","Saturated"
0.252101801627895,426.837628358201,2,1,0,0,"PPM","outer","Saturated"
0.934331786748603,8.27830376239477,1,0,1,1,"PPM","outer","Saturated"
0.943334080061084,100.554847943439,2,0,1,0,"PPM","outer","Saturated"
0.982738730961475,2.07086042432395,1,1,1,0,"PPM","outer","Saturated"
0.334773376254731,120.389114637826,0,1,0,2,"PPM","outer","Saturated"
0.959418233757739,6.72978144533633,1,1,1,0,"PPM","outer","Saturated"
0.343697147564074,1535.0642141747,2,1,0,0,"PPM","outer","Saturated"
0.96823287721539,588.123961238279,2,0,0,1,"PPM","outer","Saturated"
0.867061738981266,171.351873994582,1,1,1,0,"PPM","outer","Saturated"
0.953503428495528,245.599492292518,2,0,0,1,"PPM","outer","Saturated"
0.744343537193654,48.0064975001048,2,0,0,1,"PPM","outer","Saturated"
0.163993922966046,1105.96107960788,1,2,0,0,"PPM","outer","Saturated"
0.932691532141271,2.92009149416256,0,0,2,1,"PPM","outer","Saturated"
0.95580125745555,8.54952371520605,3,0,0,0,"PPM","outer","Saturated"
0.825980522566325,7571.18877396155,1,0,1,1,"PPM","outer","Saturated"
0.961753824810782,9.11272492943154,2,0,0,1,"PPM","outer","Saturated"
0.304998949731069,313.904155169966,0,1,1,1,"PPM","outer","Saturated"
0.940835609014734,104.148893889655,1,1,1,0,"PPM","outer","Saturated"
0.301972854630969,183.528426574146,1,0,0,2,"PPM","outer","Saturated"
0.952415347773506,3.72654182428045,0,1,2,0,"PPM","outer","Saturated"
0.531275943832649,117.699848272766,2,1,0,0,"PPM","outer","Saturated"
0.911636661177882,135.096366293617,1,0,1,1,"PPM","outer","Saturated"
0.687341767992034,52.1343796628018,0,1,1,1,"PPM","outer","Saturated"
0.980491832197399,13197.1917420012,2,1,0,0,"PPM","outer","Saturated"
0.866247558648292,18.1502200477332,0,1,2,0,"PPM","outer","Saturated"
0.409421561064275,423.002406528333,1,0,1,1,"PPM","outer","Saturated"
0.937166049878411,595.15541746156,0,1,1,1,"PPM","outer","Saturated"
0.930824364562512,760.4891274577,1,1,1,0,"PPM","outer","Saturated"
0.932188465132795,18.1996056902923,2,0,1,0,"PPM","outer","Saturated"
0.928995757006518,5.69695872259478,2,0,1,0,"PPM","outer","Saturated"
0.0576917835181416,1707.37911141632,2,1,0,0,"PPM","outer","Saturated"
0.933050679694286,297.62537086592,2,0,0,1,"PPM","outer","Saturated"
0.981747956485166,339.202135798885,2,1,0,0,"PPM","outer","Saturated"
0.853313295924196,19.9997262056666,0,0,2,1,"PPM","outer","Saturated"
0.985605456884003,8.94960436735733,1,0,1,1,"PPM","outer","Saturated"
0.89994553349208,7.55918156503245,2,1,0,0,"PPM","outer","Saturated"
0.930795886435527,12.8582667987355,3,0,0,0,"PPM","outer","Saturated"
0.966966327452512,5.75551387811471,1,1,0,1,"PPM","outer","Saturated"
0.968476099393047,681.850279896922,2,0,1,0,"PPM","outer","Saturated"
0.965056026161138,9197.3583028655,3,0,0,0,"PPM","outer","Saturated"
0.934485520918553,5185.37150954759,2,0,0,1,"PPM","outer","Saturated"
0.289027636061777,263.722457293878,1,1,0,1,"PPM","outer","Saturated"
0.236950985911098,772.397113193649,0,2,0,1,"PPM","outer","Saturated"
0.958711244368184,334.434114080768,2,1,0,0,"PPM","outer","Saturated"
0.889623091107243,11.201066041393,1,1,1,0,"PPM","outer","Saturated"
0.958030771587664,320.248661961773,1,1,0,1,"PPM","outer","Saturated"
0.710804913129884,71.1256574688202,1,1,0,1,"PPM","outer","Saturated"
0.952539777121968,37365.421582662,1,0,2,0,"PPM","outer","Saturated"
0.061371768455777,1634.16729066725,0,0,2,1,"PPM","outer","Saturated"
0.830924233384717,18.2436101597591,1,1,1,0,"PPM","outer","Saturated"
0.876417041945255,31.3877918969455,2,0,0,1,"PPM","outer","Saturated"
0.984185211275711,33.2320541969908,0,0,2,1,"PPM","outer","Saturated"
0.0876344898726092,3648.94759481605,0,0,2,1,"PPM","outer","Saturated"
0.355367607864195,348.070986470013,1,2,0,0,"PPM","outer","Saturated"
0.969562545939175,1.91612368494381,0,0,2,1,"PPM","outer","Saturated"
0.985457028186486,39.8891201385773,0,0,1,2,"PPM","outer","Saturated"
0.670706561871794,43.1903952436763,0,0,1,2,"PPM","outer","Saturated"
0.971717019569801,1903.35698157245,1,0,2,0,"PPM","outer","Saturated"
0.961616574486555,24.674197598317,2,0,1,0,"PPM","outer","Saturated"
0.792095443012141,201.973222750687,0,0,1,2,"PPM","outer","Saturated"
0.905748115287562,107.433746023335,1,1,1,0,"PPM","outer","Saturated"
0.966260415777901,122.140850780433,1,1,1,0,"PPM","outer","Saturated"
0.958325942281882,1.94762028501555,1,0,1,1,"PPM","outer","Saturated"
0.976635901672819,126.901929284164,2,0,1,0,"PPM","outer","Saturated"
0.939707446958188,2.06203529761223,3,0,0,0,"PPM","outer","Saturated"
0.187820453844121,915.158578281183,2,1,0,0,"PPM","outer","Saturated"
0.96444543658193,174.373830732793,3,0,0,0,"PPM","outer","Saturated"
0.97937306679082,4.42009441650968,1,0,1,1,"PPM","outer","Saturated"
0.169694402885786,1240.81680134879,0,2,0,1,"PPM","outer","Saturated"
0.389939496882727,699.564898220697,0,1,2,0,"PPM","outer","Saturated"
0.69701555108259,654.527104784298,0,1,1,1,"PPM","outer","Saturated"
0.978508217972069,72.1273236027048,1,0,1,1,"PPM","outer","Saturated"
0.0571668917082367,1292.69636715773,1,1,1,0,"PPM","outer","Saturated"
0.904742896404721,176.742191193859,0,0,1,2,"PPM","outer","Saturated"
0.968380774630246,154.68468918624,0,2,0,1,"PPM","outer","Saturated"
0.957117085697564,3.87739154326945,2,0,0,1,"PPM","outer","Saturated"
0.51868826393164,191.249211354041,1,1,1,0,"PPM","outer","Saturated"
0.97763765895936,10.4891903963758,1,0,0,2,"PPM","outer","Saturated"
0.958450132041248,7.28543460856834,2,0,0,1,"PPM","outer","Saturated"
0.837119725492939,47.0541072956872,1,1,1,0,"PPM","outer","Saturated"
0.933243402959738,5.59002651070363,2,1,0,0,"PPM","outer","Saturated"
0.980689417815306,2367.03376288161,1,0,1,1,"PPM","outer","Saturated"
0.985583476531495,22.9299773622879,2,1,0,0,"PPM","outer","Saturated"
0.951950958349323,3.10207141401147,2,0,1,0,"PPM","outer","Saturated"
0.540789832830562,195.207023448312,1,1,1,0,"PPM","outer","Saturated"
0.933964883772631,11.9223557012809,2,0,1,0,"PPM","outer","Saturated"
0.853374007578999,11.8172959435862,1,1,0,1,"PPM","outer","Saturated"
0.984306356773649,50.7889665821798,0,1,1,1,"PPM","outer","Saturated"
0.261420052530606,1006.10694091235,1,1,0,1,"PPM","outer","Saturated"
0.966099160128963,185.930496652549,2,1,0,0,"PPM","outer","Saturated"
0.954368916939118,4911.37157235061,2,0,1,0,"PPM","outer","Saturated"
0.967378240827587,2.95768894712188,2,0,1,0,"PPM","outer","Saturated"
0.774073823042389,67.8545525838368,1,0,0,2,"PPM","outer","Saturated"
0.974540895728166,49.1831052389991,1,0,1,1,"PPM","outer","Saturated"
0.90000474041386,858.19821922746,1,0,1,1,"PPM","outer","Saturated"
0.198618706204977,848.717951020064,0,2,0,1,"PPM","outer","Saturated"
0.95547042870806,2.36201963289267,2,0,0,1,"PPM","outer","Saturated"
0.166459759578968,906.421753154733,2,1,0,0,"PPM","outer","Saturated"
0.336523735929785,188.328780738651,2,0,0,1,"PPM","outer","Saturated"
0.931228576901415,1.93248396002675,1,0,2,0,"PPM","outer","Saturated"
0.961669818037145,5.64899226456038,3,0,0,0,"PPM","outer","Saturated"
0.946827760580515,56.2065543416386,2,0,1,0,"PPM","outer","Saturated"
0.97386622878966,500.275274175727,3,0,0,0,"PPM","outer","Saturated"
0.934673825645117,8.73719028765205,1,1,1,0,"PPM","outer","Saturated"
0.988842172496632,64.2969707140606,1,1,1,0,"PPM","outer","Saturated"
0.902356008955458,73.7660052216726,0,1,2,0,"PPM","outer","Saturated"
0.371894532442253,219.166606284767,2,1,0,0,"PPM","outer","Saturated"
0.969236961237483,25.7742690494147,2,1,0,0,"PPM","outer","Saturated"
0.107553348054325,1515.93588452079,2,1,0,0,"PPM","outer","Saturated"
0.720002474491791,50.2498040181263,1,1,1,0,"PPM","outer","Saturated"
0.140417333705723,655.95085595375,1,0,0,2,"PPM","outer","Saturated"
0.767962275867812,15.2339501986734,0,1,1,1,"PPM","outer","Saturated"
0.129342005483599,1368.63966865958,1,2,0,0,"PPM","outer","Saturated"
0.931462982246399,10.8859576494435,2,0,0,1,"PPM","outer","Saturated"
0.981881246668553,5058.00361704647,0,1,0,2,"PPM","outer","Saturated"
0.704317512139528,109.029902398512,1,1,0,1,"PPM","outer","Saturated"
0.0719567426743107,1736.25635812969,1,1,0,1,"PPM","outer","Saturated"
0.641593239152441,58.7518153782646,1,0,1,1,"PPM","outer","Saturated"
0.893611606981671,4.99356320832265,1,0,1,1,"PPM","outer","Saturated"
0.981670005201018,50.2006194810423,2,1,0,0,"PPM","outer","Saturated"
0.413668985505405,314.33609736632,0,3,0,0,"PPM","outer","Saturated"
0.992647583146651,29.1950413326518,1,0,1,1,"PPM","outer","Saturated"
0.57923051440481,82.3102617941635,1,1,1,0,"PPM","outer","Saturated"
0.0261181166775941,1935.13806259191,1,1,0,1,"PPM","outer","Saturated"
0.935321738807641,2.90446390237946,2,0,1,0,"PPM","outer","Saturated"
0.931816686814387,267.854322970864,2,0,0,1,"PPM","outer","Saturated"
0.966191149235355,110.206388661838,3,0,0,0,"PPM","outer","Saturated"
0.966387508630117,519.609570079999,1,0,1,1,"PPM","outer","Saturated"
0.668426209868427,62.4649202034314,0,0,0,3,"PPM","outer","Saturated"
0.31706090187795,1861.18192955387,0,2,1,0,"PPM","outer","Saturated"
0.547547560838132,55.6960870732818,0,0,1,2,"PPM","outer","Saturated"
0.974958479914905,185.9142277788,1,0,1,1,"PPM","outer","Saturated"
0.944938965569401,250.272919070387,1,1,0,1,"PPM","outer","Saturated"
0.173955212714239,572.055346913352,2,0,0,1,"PPM","outer","Saturated"
0.948408192540214,5.91556328668204,2,0,0,1,"PPM","outer","Saturated"
0.941384228582389,10.5637311184583,2,0,1,0,"PPM","outer","Saturated"
0.983789744617195,8693.65231033415,1,1,0,1,"PPM","outer","Saturated"
0.978722122804073,8.05555485672805,1,0,1,1,"PPM","outer","Saturated"
0.934400120958257,39069.0484829908,2,1,0,0,"PPM","outer","Saturated"
0.975234392552474,2.95074665347635,1,0,2,0,"PPM","outer","Saturated"
0.863038195483038,24.932728522761,2,1,0,0,"PPM","outer","Saturated"
0.976289221215878,3575.00861983511,2,1,0,0,"PPM","outer","Saturated"
0.15612518831032,964.788098525779,1,0,1,1,"PPM","outer","Saturated"
0.961896834673096,13.2786134149071,0,1,1,1,"PPM","outer","Saturated"
0.980225968112715,6.06664773798251,2,0,1,0,"PPM","outer","Saturated"
0.873816226117132,25.559776288456,2,0,1,0,"PPM","outer","Saturated"
0.97473007712316,5.79159532343267,1,0,0,2,"PPM","outer","Saturated"
0.962949851587948,40731.2339610022,1,1,0,1,"PPM","outer","Saturated"
0.593056594972203,70.4355370804112,1,0,1,1,"PPM","outer","Saturated"
0.926151839775794,2951.66804687857,0,2,1,0,"PPM","outer","Saturated"
0.183243790844513,1934.49163968149,0,2,1,0,"PPM","outer","Saturated"
0.976272671625504,442.671302745442,1,1,0,1,"PPM","outer","Saturated"
0.464144249654978,567.086323044309,1,0,0,2,"PPM","outer","Saturated"
0.953237741673799,63.9465255578151,2,0,1,0,"PPM","outer","Saturated"
0.161318939732658,571.269605519169,2,1,0,0,"PPM","outer","Saturated"
0.968179629505248,116.600750028261,2,0,1,0,"PPM","outer","Saturated"
0.194593268893246,1292.45134787273,2,1,0,0,"PPM","outer","Saturated"
0.97560294529951,9.42025652636684,1,0,1,1,"PPM","outer","Saturated"
0.955242135616379,13.5573470901772,2,1,0,0,"PPM","outer","Saturated"
0.572381691178284,12873.5208639452,1,2,0,0,"PPM","outer","Saturated"
0.591918875795689,126.200614648303,2,1,0,0,"PPM","outer","Saturated"
0.925604035836535,340.32782480489,1,1,0,1,"PPM","outer","Saturated"
0.893631569453121,24.7154669545682,2,0,0,1,"PPM","outer","Saturated"
0.946343844066911,6.38672660851815,1,1,1,0,"PPM","outer","Saturated"
0.990455812884443,522.357241899038,0,1,1,1,"PPM","outer","Saturated"
0.904585877361345,8.85985425909497,3,0,0,0,"PPM","outer","Saturated"
0.961672412160776,737.751480776992,1,0,2,0,"PPM","outer","Saturated"
0.921029167046816,742.46027571347,1,1,1,0,"PPM","outer","Saturated"
0.733700331164414,150.756730749324,0,1,1,1,"PPM","outer","Saturated"
0.914680167949475,109.2321707827,2,1,0,0,"PPM","outer","Saturated"
0.198448126100378,5974.58445204907,2,1,0,0,"PPM","outer","Saturated"
0.983466701436104,1.08492546359293,1,0,0,2,"PPM","outer","Saturated"
0.283674805167504,608.179699123875,1,1,0,1,"PPM","outer","Saturated"
0.885866964139468,3156.57020798411,1,1,0,1,"PPM","outer","Saturated"
0.950696371974166,539.332311133814,2,0,1,0,"PPM","outer","Saturated"
0.937700875231163,8.42754402325828,2,0,0,1,"PPM","outer","Saturated"
0.949422520912939,8859.51860296644,2,0,0,1,"PPM","outer","Saturated"
0.975794482997974,12.5914645235888,2,0,0,1,"PPM","outer","Saturated"
0.918494045142711,12.3675864827159,1,1,1,0,"PPM","outer","Saturated"
0.932288654444343,3.96970719328913,3,0,0,0,"PPM","outer","Saturated"
0.22656863151184,4612.88244329988,0,1,2,0,"PPM","outer","Saturated"
0.905097981164286,617.823124742579,1,1,0,1,"PPM","outer","Saturated"
0.523001008284428,103.807689581272,1,2,0,0,"PPM","outer","Saturated"
0.29747753957932,276.282883880968,2,1,0,0,"PPM","outer","Saturated"
0.956490554843946,682.746658644087,1,1,0,1,"PPM","outer","Saturated"
0.964745957606617,618.380328482476,0,2,1,0,"PPM","outer","Saturated"
0.911778954395024,4.85706733651983,3,0,0,0,"PPM","outer","Saturated"
0.386389185608548,881.727136723684,1,2,0,0,"PPM","outer","Saturated"
0.057087219816536,1956.44299199184,1,1,0,1,"PPM","outer","Saturated"
0.790931581914798,1831.06633112729,0,1,0,2,"PPM","outer","Saturated"
0.467435592070812,201.628393419497,1,1,0,1,"PPM","outer","Saturated"
0.957489924365661,316.131268811307,3,0,0,0,"PPM","outer","Saturated"
0.71630097844611,235.67460539544,0,0,1,2,"PPM","outer","Saturated"
0.0331012980799072,2016.36448850557,0,1,1,1,"PPM","outer","Saturated"
0.246323789055939,335252.178503402,1,0,0,2,"PPM","outer","Saturated"
0.875035830566218,48.1505702272198,0,2,0,1,"PPM","outer","Saturated"
0.943545379958296,2.03609786877958,2,0,1,0,"PPM","outer","Saturated"
0.966207162132536,29.4013175497047,0,0,3,0,"PPM","outer","Saturated"
0.257058142380085,14201.8350434597,2,1,0,0,"PPM","outer","Saturated"
0.951099218609954,401.392019506128,3,0,0,0,"PPM","outer","Saturated"
0.963081986831461,2.29171113062584,1,0,2,0,"PPM","outer","Saturated"
0.957689072324303,7.46304855493173,2,0,0,1,"PPM","outer","Saturated"
0.958308312898798,1260.34361621391,2,1,0,0,"PPM","outer","Saturated"
0.0980175276198761,1254.22924025171,0,3,0,0,"PPM","outer","Saturated"
0.95400324905203,61.7445848119779,2,1,0,0,"PPM","outer","Saturated"
0.993298306358457,6.47840785103355,1,0,1,1,"PPM","outer","Saturated"
0.898482669491274,16.2475929720818,1,0,1,1,"PPM","outer","Saturated"
0.963525134031357,6.83354596646747,2,0,1,0,"PPM","outer","Saturated"
0.768365945709315,30.3736938067606,1,0,0,2,"PPM","outer","Saturated"
0.0979803796157014,3225.63765528164,0,0,0,3,"PPM","outer","Saturated"
0.906657506933027,86.9479485169889,1,1,0,1,"PPM","outer","Saturated"
0.859713570855849,1198.31291024311,1,1,1,0,"PPM","outer","Saturated"
0.181462999923248,667.089080165829,0,0,2,1,"PPM","outer","Saturated"
0.952829922579657,3.74283460026065,2,0,1,0,"PPM","outer","Saturated"
0.974122583104,12.4531412344183,2,1,0,0,"PPM","outer","Saturated"
0.575896094465601,242.454341285082,2,1,0,0,"PPM","outer","Saturated"
0.983667122440666,37.2570513368807,1,1,0,1,"PPM","outer","Saturated"
0.491326640707678,375.274960951063,0,2,1,0,"PPM","outer","Saturated"
0.395820977960458,306.259867249275,1,2,0,0,"PPM","outer","Saturated"
0.908084686111584,9.36750605611824,0,1,2,0,"PPM","outer","Saturated"
0.88453611101309,28.2522266858241,2,1,0,0,"PPM","outer","Saturated"
0.267190958375647,1339.82956179048,1,1,1,0,"PPM","outer","Saturated"
0.947117223951437,8.2093039826401,2,0,0,1,"PPM","outer","Saturated"
0.88375989443568,10.5228777190157,1,0,1,1,"PPM","outer","Saturated"
0.515856030651993,225.40020116097,1,0,0,2,"PPM","outer","Saturated"
0.975325805235753,83.7890801108501,1,0,2,0,"PPM","outer","Saturated"
0.947635568289025,2016.77806123944,1,1,0,1,"PPM","outer","Saturated"
0.148984797015777,4447.11730557933,1,1,1,0,"PPM","outer","Saturated"
0.86847692862751,40.4122244036267,0,1,0,2,"PPM","outer","Saturated"
0.725371811583299,161.871334084167,1,1,0,1,"PPM","outer","Saturated"
0.918642483915686,134.571267111847,1,0,1,1,"PPM","outer","Saturated"
0.989006842574579,1819.87242005874,2,0,0,1,"PPM","outer","Saturated"
0.953827394618268,11.9769560883047,2,0,0,1,"PPM","outer","Saturated"
0.967720525540047,556.431483069191,2,0,1,0,"PPM","outer","Saturated"
0.975984000929868,69.0870913806571,2,0,1,0,"PPM","outer","Saturated"
0.985790966256449,5.74089024027301,2,1,0,0,"PPM","outer","Saturated"
0.971357081996667,78437.2473922532,0,2,1,0,"PPM","outer","Saturated"
0.930328748757767,2.93613056579442,2,0,1,0,"PPM","outer","Saturated"
0.970175270617698,3.31838564935387,1,0,2,0,"PPM","outer","Saturated"
0.920492799736899,33.1122689515399,0,0,2,1,"PPM","outer","Saturated"
0.185022287494098,906.986920206442,0,1,1,1,"PPM","outer","Saturated"
0.0592095222516183,2983.24092705431,1,0,0,2,"PPM","outer","Saturated"
0.854409479200281,27.3316975396852,2,0,0,1,"PPM","outer","Saturated"
0.957187226240176,19.6307171631338,1,0,2,0,"PPM","outer","Saturated"
0.89375193566286,9.84822424216326,0,1,2,0,"PPM","outer","Saturated"
0.981773089030743,811.929899157002,1,2,0,0,"PPM","outer","Saturated"
0.171855093070936,772.899488663582,1,1,1,0,"PPM","outer","Saturated"
0.990648999202343,1.23643075846241,0,0,1,2,"PPM","outer","Saturated"
0.976952817235295,5.91251447819492,1,0,2,0,"PPM","outer","Saturated"
0.972861486375568,21.4874611048222,1,0,1,1,"PPM","outer","Saturated"
0.987248185538674,176.284711902442,1,0,1,1,"PPM","outer","Saturated"
0.0611351055722728,1729.0246975503,1,1,0,1,"PPM","outer","Saturated"
0.864507604792118,6.43432928001988,1,0,2,0,"PPM","outer","Saturated"
0.992672492353615,848.246801732902,0,0,0,3,"PPM","outer","Saturated"
0.975990353060946,1.19709521521349,0,0,1,2,"PPM","outer","Saturated"
0.949003190129744,4.5448851682359,1,0,2,0,"PPM","outer","Saturated"
0.487263431721267,900.582138427673,0,1,1,1,"PPM","outer","Saturated"
0.986146190076568,15.5097143107315,1,0,1,1,"PPM","outer","Saturated"
0.95670377386702,2.6692710864656,2,0,0,1,"PPM","outer","Saturated"
0.954717687284831,407.70976226829,1,1,1,0,"PPM","outer","Saturated"
0.959883045370683,3.23533518076903,2,0,1,0,"PPM","outer","Saturated"
0.935913898884679,11.6887865442629,3,0,0,0,"PPM","outer","Saturated"
0.946091881204524,16.3399433127977,2,0,1,0,"PPM","outer","Saturated"
0.978941019914816,3.17855034021329,2,0,0,1,"PPM","outer","Saturated"
0.78063935018215,78.2987951048053,1,2,0,0,"PPM","outer","Saturated"
0.94893921823564,9.80292822539475,1,0,0,2,"PPM","outer","Saturated"
0.92790662459796,8.38727434947746,2,0,0,1,"PPM","outer","Saturated"
0.974063599703179,2.23328474992203,1,0,2,0,"PPM","outer","Saturated"
0.104011383450715,1656.2793846063,2,0,0,1,"PPM","outer","Saturated"
0.937791598684984,2.81553125660405,1,1,1,0,"PPM","outer","Saturated"
0.935121793665859,3.84954615384104,1,0,2,0,"PPM","outer","Saturated"
0.992586263923065,112.083561142836,0,1,0,2,"PPM","outer","Saturated"
0.533894158699499,217.65919039766,0,1,1,1,"PPM","outer","Saturated"
0.973036773651124,2.23783578029474,2,0,1,0,"PPM","outer","Saturated"
0.992202134071128,48.291358173296,2,1,0,0,"PPM","outer","Saturated"
0.317395980569102,276.2447889557,1,1,0,1,"PPM","outer","Saturated"
0.974657692556954,12.3235929691532,2,1,0,0,"PPM","outer","Saturated"
0.93717268523169,4985.82656316146,1,1,0,1,"PPM","outer","Saturated"
0.110061142145149,1585.13686973779,0,1,1,1,"PPM","outer","Saturated"
0.382109046747557,812.868823621521,1,2,0,0,"PPM","outer","Saturated"
0.325885325267718,163.683630236455,0,0,2,1,"PPM","outer","Saturated"
0.925629478032343,105.560104107068,1,0,1,1,"PPM","outer","Saturated"
0.974305283923049,1.55584213063023,1,0,1,1,"PPM","outer","Saturated"
0.927614022298391,4.71196440956527,2,0,1,0,"PPM","outer","Saturated"
0.973263919920199,12.4741569254461,1,0,1,1,"PPM","outer","Saturated"
0.969722603778915,3.99511996532165,1,1,1,0,"PPM","outer","Saturated"
0.545587393184551,3995.35445091659,0,0,2,1,"PPM","outer","Saturated"
0.162594897068263,673.703620424506,0,0,1,2,"PPM","outer","Saturated"
0.904617875912436,15.4874491735226,1,0,2,0,"PPM","outer","Saturated"
0.970091074921871,14.5427141459893,1,0,2,0,"PPM","outer","Saturated"
0.967907385072817,7.45386196238839,2,0,1,0,"PPM","outer","Saturated"
0.966180039908368,2100.27496994756,3,0,0,0,"PPM","outer","Saturated"
0.974027171566359,3.74195251059894,1,0,2,0,"PPM","outer","Saturated"
0.942689758739683,57.1589168917951,2,1,0,0,"PPM","outer","Saturated"
0.935493334525953,78.0266639152531,1,1,1,0,"PPM","outer","Saturated"
0.976719303839644,442881.556414016,0,1,0,2,"PPM","outer","Saturated"
0.407442097761454,297.611768129429,0,2,0,1,"PPM","outer","Saturated"
0.807992187774838,80.942693423731,1,0,1,1,"PPM","outer","Saturated"
0.94598401529488,5.68568677528384,2,0,1,0,"PPM","outer","Saturated"
0.144822848617313,1473.50090871832,1,1,0,1,"PPM","outer","Saturated"
0.598329138320869,367.911298426351,1,1,0,1,"PPM","outer","Saturated"
0.84531755123126,437.586405488235,1,1,1,0,"PPM","outer","Saturated"
0.973543092890722,11.1539720990968,1,0,2,0,"PPM","outer","Saturated"
0.962712361733983,1.48917157672823,1,1,1,0,"PPM","outer","Saturated"
0.953559630221668,5.7264470941544,3,0,0,0,"PPM","outer","Saturated"
0.710007371511087,52.2938645972139,2,0,0,1,"PPM","outer","Saturated"
0.979451442689637,233.380885061503,1,0,1,1,"PPM","outer","Saturated"
0.802723768105418,558.054329430392,2,0,0,1,"PPM","outer","Saturated"
0.803247869621545,10766.2451798052,1,0,1,1,"PPM","outer","Saturated"
0.946737869859662,9503.68274728245,2,1,0,0,"PPM","outer","Saturated"
0.677381939287812,27.3479375071653,1,1,0,1,"PPM","outer","Saturated"
0.966366262515948,6.91056844892011,2,1,0,0,"PPM","outer","Saturated"
0.810351955093919,86.8203264506685,1,1,0,1,"PPM","outer","Saturated"
0.979794280366511,10.9505807201857,1,0,0,2,"PPM","outer","Saturated"
0.648588206093327,44427.9618514072,0,2,0,1,"PPM","outer","Saturated"
0.932395688546517,186.448425416679,2,0,0,1,"PPM","outer","Saturated"
0.967124151699095,5.5399482687335,2,1,0,0,"PPM","outer","Saturated"
0.946848588292391,34510.8741145609,2,0,0,1,"PPM","outer","Saturated"
0.849927950416121,28.8365406556576,1,0,2,0,"PPM","outer","Saturated"
0.616323284553349,538.11476015081,1,1,1,0,"PPM","outer","Saturated"
0.959619268364087,401.415239025001,2,0,0,1,"PPM","outer","Saturated"
0.895015710881612,23.1732077264805,0,1,1,1,"PPM","outer","Saturated"
0.39796684771365,246.316694698158,1,1,1,0,"PPM","outer","Saturated"
0.979577362591199,91.5653858421275,2,1,0,0,"PPM","outer","Saturated"
0.935838534238408,75.5437970414699,0,2,0,1,"PPM","outer","Saturated"
0.160776464580475,1200.09566592529,1,0,0,2,"PPM","outer","Saturated"
0.969794800530954,5280.30091584756,1,1,0,1,"PPM","outer","Saturated"
0.149946104026677,1105.81876752662,1,0,1,1,"PPM","outer","Saturated"
0.967408694983658,12289.0591719795,0,0,1,2,"PPM","outer","Saturated"
0.340595401903572,301.661194644704,2,1,0,0,"PPM","outer","Saturated"
0.988076226836849,41.1181270512956,1,1,0,1,"PPM","outer","Saturated"
0.972370828154579,10.0754233908933,1,0,1,1,"PPM","outer","Saturated"
0.989384053048951,3.41025573305624,0,2,1,0,"PPM","outer","Saturated"
0.202243244886814,382.694666476568,2,1,0,0,"PPM","outer","Saturated"
0.288552385513331,390.730021511943,1,1,1,0,"PPM","outer","Saturated"
0.946832625899202,2.82586790169782,1,1,1,0,"PPM","outer","Saturated"
0.955481507658429,8.78443721862574,3,0,0,0,"PPM","outer","Saturated"
0.930195145180707,212.482101136197,2,0,1,0,"PPM","outer","Saturated"
0.963733759056695,8.04948416299458,2,0,1,0,"PPM","outer","Saturated"
0.962938217137701,509.411739149474,3,0,0,0,"PPM","outer","Saturated"
0.195986781131562,994.684786231983,1,2,0,0,"PPM","outer","Saturated"
0.232147980921074,619.627900394438,1,0,0,2,"PPM","outer","Saturated"
0.789512190756634,31.4800334330892,1,0,0,2,"PPM","outer","Saturated"
0.986032955545186,592.768124507834,0,2,1,0,"PPM","outer","Saturated"
0.936923410709078,53.9203512029067,1,1,0,1,"PPM","outer","Saturated"
0.192011175655852,277.362596715272,0,1,2,0,"PPM","outer","Saturated"
0.789749535264866,52.8578289375224,1,0,1,1,"PPM","outer","Saturated"
0.984529795443438,2.65405498379922,1,1,0,1,"PPM","outer","Saturated"
0.847672206187363,10443.4112429832,0,2,1,0,"PPM","outer","Saturated"
0.198204752068615,1087.70810543547,1,2,0,0,"PPM","outer","Saturated"
0.930378428417165,16.766630816483,3,0,0,0,"PPM","outer","Saturated"
0.962676313393818,6.94033891730308,2,1,0,0,"PPM","outer","Saturated"
0.777555197244841,351.83795336631,2,0,0,1,"PPM","outer","Saturated"
0.790731181387392,41.0107942996967,1,0,0,2,"PPM","outer","Saturated"
0.162344447910436,1447.71520361706,2,1,0,0,"PPM","outer","Saturated"
0.856249643583383,114.554476856781,0,0,0,3,"PPM","outer","Saturated"
0.953549898589526,5.49823568269487,2,0,1,0,"PPM","outer","Saturated"
0.947259977792483,1251.03476728037,2,0,1,0,"PPM","outer","Saturated"
0.803290821193743,86.6626661049954,0,0,1,2,"PPM","outer","Saturated"
0.710240611896936,24.8690577184551,0,2,1,0,"PPM","outer","Saturated"
0.970744141331245,3.34704097666222,1,1,1,0,"PPM","outer","Saturated"
0.623314253119209,370.334190028145,2,0,0,1,"PPM","outer","Saturated"
0.967604799554265,134.607271131042,1,1,1,0,"PPM","outer","Saturated"
0.93700074634235,4518.74430906642,1,1,1,0,"PPM","outer","Saturated"
0.900996282578177,19.6475228316354,1,0,1,1,"PPM","outer","Saturated"
0.812504548263553,158.42475740088,1,1,1,0,"PPM","outer","Saturated"
0.956987409023139,1293.94750783133,2,0,1,0,"PPM","outer","Saturated"
0.809949591833575,38.1787506991375,1,0,1,1,"PPM","outer","Saturated"
0.217402763266346,349.027702030266,1,1,0,1,"PPM","outer","Saturated"
0.219005248538055,212.869970687815,2,0,0,1,"PPM","outer","Saturated"
0.972240210696103,1.52745901726694,2,0,1,0,"PPM","outer","Saturated"
0.981713166834102,47.0486787344803,0,1,0,2,"PPM","outer","Saturated"
0.961426796451386,169.326973031796,3,0,0,0,"PPM","outer","Saturated"
0.809244868402603,40.5065560132537,1,1,0,1,"PPM","outer","Saturated"
0.44386384326286,104.746880931312,2,0,0,1,"PPM","outer","Saturated"
0.989959475206335,17.504573094789,0,1,1,1,"PPM","outer","Saturated"
0.924966552883552,2.97925574575426,0,0,3,0,"PPM","outer","Saturated"
0.956624416477699,7.94141736664957,1,1,1,0,"PPM","outer","Saturated"
0.966083393189145,2.42816874318395,3,0,0,0,"PPM","outer","Saturated"
0.376730363276003,144.543994029863,1,0,1,1,"PPM","outer","Saturated"
0.978693031392085,1191.87989583905,2,0,1,0,"PPM","outer","Saturated"
0.800386413517641,202.489561072206,1,1,0,1,"PPM","outer","Saturated"
0.961053285422226,494.553315000404,2,1,0,0,"PPM","outer","Saturated"
0.802585517725051,16.9710294300366,1,0,1,1,"PPM","outer","Saturated"
0.878807914100464,452.996658089729,1,1,1,0,"PPM","outer","Saturated"
0.940559380209563,17.2773612808226,0,1,0,2,"PPM","outer","Saturated"
0.10609696981368,1650.01655326132,2,1,0,0,"PPM","outer","Saturated"
0.958218360934222,1.31315820436479,2,0,1,0,"PPM","outer","Saturated"
0.232319402298902,722.855535537653,1,1,0,1,"PPM","outer","Saturated"
0.537640483265735,370.930904105251,2,1,0,0,"PPM","outer","Saturated"
0.97711273060397,1.09186470153869,1,0,0,2,"PPM","outer","Saturated"
0.983765610110857,6.71536043161578,0,0,2,1,"PPM","outer","Saturated"
0.146304165683891,1381.78746259151,2,1,0,0,"PPM","outer","Saturated"
0.542223887623085,100.740698814153,2,1,0,0,"PPM","outer","Saturated"
0.950016696181061,16.0519503545758,1,1,0,1,"PPM","outer","Saturated"
0.845331830782135,78.4065369036703,2,1,0,0,"PPM","outer","Saturated"
0.894716168744845,383.643585706844,2,1,0,0,"PPM","outer","Saturated"
0.981394968611643,88.0578931170291,1,1,1,0,"PPM","outer","Saturated"
0.980757535479109,2150.45426744548,1,1,1,0,"PPM","outer","Saturated"
0.963722562729274,18.9268307932468,2,0,1,0,"PPM","outer","Saturated"
0.887935316647144,29.4476164030849,2,0,0,1,"PPM","outer","Saturated"
0.379834253147667,2062.75193856332,2,1,0,0,"PPM","outer","Saturated"
0.954973253797348,62.457309943935,1,1,1,0,"PPM","outer","Saturated"
0.10548063665564,1409.64746025169,1,1,1,0,"PPM","outer","Saturated"
0.932565299631005,65.2158924346575,1,1,1,0,"PPM","outer","Saturated"
0.986365659778198,62.2909375334893,1,0,1,1,"PPM","outer","Saturated"
0.114375572054477,1230.62640181343,1,1,1,0,"PPM","outer","Saturated"
0.107067098346504,984.865168765932,1,0,1,1,"PPM","outer","Saturated"
0.98712450861452,14.6651408729694,1,1,1,0,"PPM","outer","Saturated"
0.809966275351586,33.7280790753197,1,0,0,2,"PPM","outer","Saturated"
0.987468124733495,26.9380383808766,1,0,1,1,"PPM","outer","Saturated"
0.955151348083574,1808.0190185808,2,0,1,0,"PPM","outer","Saturated"
0.984317627641033,60.8533826592969,2,0,1,0,"PPM","outer","Saturated"
0.972718111982596,30.1397630207843,2,0,1,0,"PPM","outer","Saturated"
0.431295173591959,76.2168801735712,0,0,0,3,"PPM","outer","Saturated"
0.940129898270066,8.38709904126006,2,0,0,1,"PPM","outer","Saturated"
0.94585454122024,3.7523490098027,2,0,0,1,"PPM","outer","Saturated"
0.253151624596523,386.173742936507,1,1,0,1,"PPM","outer","Saturated"
0.955776072524394,7.77211253210832,0,1,1,1,"PPM","outer","Saturated"
0.149035316196885,696.283372889343,0,1,0,2,"PPM","outer","Saturated"
0.982897045666396,3.58294779776774,1,0,1,1,"PPM","outer","Saturated"
0.549110506703868,351.407560682267,1,1,1,0,"PPM","outer","Saturated"
0.963941591449618,2.20249529303394,2,0,1,0,"PPM","outer","Saturated"
0.972927519810733,2.23021961966431,1,0,1,1,"PPM","outer","Saturated"
0.839678272651818,18.406645757402,1,0,0,2,"PPM","outer","Saturated"
0.175249446001284,1903.95109192295,0,1,2,0,"PPM","outer","Saturated"
0.880997427062191,21.8276836371123,0,1,0,2,"PPM","outer","Saturated"
0.87879445947892,10.9026516403447,1,0,1,1,"PPM","outer","Saturated"
0.96292600821459,3.13100411125136,0,0,1,2,"PPM","outer","Saturated"
0.970673590889215,7.83971200770919,0,1,0,2,"PPM","outer","Saturated"
0.982408265757887,88.4403626313932,1,1,0,1,"PPM","outer","Saturated"
0.890971629354913,11079.5021247147,1,1,0,1,"PPM","outer","Saturated"
0.24847997038112,281.980376374569,1,0,1,1,"PPM","outer","Saturated"
0.949114395115985,3.44358231231853,1,1,1,0,"PPM","outer","Saturated"
0.953457994968106,5.58687631263337,1,0,2,0,"PPM","outer","Saturated"
0.893742587581133,28.1723217237984,2,0,1,0,"PPM","outer","Saturated"
0.755514438012009,99.0883067616027,1,0,0,2,"PPM","outer","Saturated"
0.356128041685762,227.366627339657,1,0,0,2,"PPM","outer","Saturated"
0.0327406236402896,18844.9097854233,1,0,1,1,"PPM","outer","Saturated"
0.956816072190168,28.3408775020039,3,0,0,0,"PPM","outer","Saturated"
0.86395441994794,24.5812685393852,2,0,0,1,"PPM","outer","Saturated"
0.949644558757706,4.64017970709852,3,0,0,0,"PPM","outer","Saturated"
0.674852756993986,91.086194545683,0,1,1,1,"PPM","outer","Saturated"
0.122354907076246,1808.71120480478,1,1,0,1,"PPM","outer","Saturated"
0.381353926947656,2158.90557672207,1,1,0,1,"PPM","outer","Saturated"
0.899689497580647,447.1053422291,0,0,0,3,"PPM","outer","Saturated"
0.978801097498627,106.395596140846,0,0,2,1,"PPM","outer","Saturated"
0.950804809807553,0.168936627259917,2,0,1,0,"PPM","outer","Saturated"
0.934950385602135,6.41150364513289,2,0,1,0,"PPM","outer","Saturated"
0.307571078279835,813.31681521017,1,2,0,0,"PPM","outer","Saturated"
0.941839266444315,2.06772439964631,3,0,0,0,"PPM","outer","Saturated"
0.83755112561608,862554.447047446,0,1,2,0,"PPM","outer","Saturated"
0.995445344525945,5.48760853632011,1,2,0,0,"PPM","outer","Saturated"
0.956351503866047,24.5430193203273,2,0,1,0,"PPM","outer","Saturated"
0.845166584907198,49.8316031041928,0,0,1,2,"PPM","outer","Saturated"
0.96257479537692,35.7027723529659,3,0,0,0,"PPM","outer","Saturated"
0.725684247319522,61.4673604695621,1,1,1,0,"PPM","outer","Saturated"
0.989325038828576,1680.64326790989,2,0,0,1,"PPM","outer","Saturated"
0.869576979343488,9955.78871091444,0,3,0,0,"PPM","outer","Saturated"
0.931671913466213,11.035597012746,1,1,1,0,"PPM","outer","Saturated"
0.985369935196405,9.51415247442037,2,0,1,0,"PPM","outer","Saturated"
0.963361525539798,7.11505011681343,2,0,0,1,"PPM","outer","Saturated"
0.923569761585462,10825.0023626807,0,1,1,1,"PPM","outer","Saturated"
0.89700516962777,16.4633112150397,2,0,0,1,"PPM","outer","Saturated"
0.964690957062987,5.81465231364504,2,0,0,1,"PPM","outer","Saturated"
0.768537643866444,79.6357358101222,0,1,1,1,"PPM","outer","Saturated"
0.831075254450768,2432.71618550295,2,0,0,1,"PPM","outer","Saturated"
0.556422960439393,263.336866663057,1,2,0,0,"PPM","outer","Saturated"
0.975332278393217,76.5771272432665,0,2,1,0,"PPM","outer","Saturated"
0.98276549903652,39.7806344846387,1,0,1,1,"PPM","outer","Saturated"
0.991017361220943,13.7930012883374,2,1,0,0,"PPM","outer","Saturated"
0.304553814529334,156.372160425874,2,0,0,1,"PPM","outer","Saturated"
0.975141738530812,0.0162765029042138,1,0,2,0,"PPM","outer","Saturated"
0.966999709517066,11.1837788361222,2,0,0,1,"PPM","outer","Saturated"
0.948082571794462,6.16148185058717,2,0,1,0,"PPM","outer","Saturated"
0.962745029176532,2.39414209397907,1,0,2,0,"PPM","outer","Saturated"
0.976036124052885,3.25074421374028,1,2,0,0,"PPM","outer","Saturated"
0.966266598899336,613.125701832509,2,1,0,0,"PPM","outer","Saturated"
0.989800319216011,3.83359947251251,0,0,2,1,"PPM","outer","Saturated"
0.986201352122128,18.125869774019,3,0,0,0,"PPM","outer","Saturated"
0.51205837787346,110.454608882468,1,2,0,0,"PPM","outer","Saturated"
0.911865231012112,7864.9511089956,1,0,1,1,"PPM","outer","Saturated"
0.957155411876216,8.95724250708275,1,1,0,1,"PPM","outer","Saturated"
0.688683980343171,21584.1718228404,2,0,0,1,"PPM","outer","Saturated"
0.926525489690208,349.811226833103,0,1,1,1,"PPM","outer","Saturated"
0.985268427535443,4896.18312689923,1,0,1,1,"PPM","outer","Saturated"
0.804527304328107,82.136832981703,0,2,0,1,"PPM","outer","Saturated"
0.969820997134389,3.83994589249665,2,0,1,0,"PPM","outer","Saturated"
0.276636873391544,504.087475410949,1,0,0,2,"PPM","outer","Saturated"
0.962532288976397,6.14369370138173,3,0,0,0,"PPM","outer","Saturated"
0.928430292642198,13.0525937941995,0,1,2,0,"PPM","outer","Saturated"
0.964954543599361,3290.63959116994,1,1,1,0,"PPM","outer","Saturated"
0.928329915650641,4.44999178282854,0,1,2,0,"PPM","outer","Saturated"
0.89542046719882,36.3023059572377,1,1,1,0,"PPM","outer","Saturated"
0.974343400655891,610.081994433049,1,0,0,2,"PPM","outer","Saturated"
0.885022185797756,4790.95404921412,2,1,0,0,"PPM","outer","Saturated"
0.84192732560121,43.0189720767452,1,1,1,0,"PPM","outer","Saturated"
0.901278323464763,16.2061711087018,0,1,1,1,"PPM","outer","Saturated"
0.871091865987594,9.61862710216902,1,1,1,0,"PPM","outer","Saturated"
0.939455496319998,12.9815275442842,1,1,1,0,"PPM","outer","Saturated"
0.973122224377878,4.34191130650448,2,1,0,0,"PPM","outer","Saturated"
0.795251675925304,32.1569700390094,1,0,1,1,"PPM","outer","Saturated"
0.972442011724718,1556.09198803396,3,0,0,0,"PPM","outer","Saturated"
0.352643627401165,317.20687050075,2,0,0,1,"PPM","outer","Saturated"
0.196624713960932,829.888433196317,0,2,1,0,"PPM","outer","Saturated"
0.924194708978619,256.470745122501,1,1,0,1,"PPM","outer","Saturated"
0.764515033572674,288.176044448874,1,1,1,0,"PPM","outer","Saturated"
0.500067555657479,809.284180605561,0,1,2,0,"PPM","outer","Saturated"
0.12490937550741,3578.46458257604,0,2,0,1,"PPM","outer","Saturated"
0.985396266331576,6.5848906967633,1,2,0,0,"PPM","outer","Saturated"
0.935942780874809,145.565823147459,0,2,0,1,"PPM","outer","Saturated"
0.357271088752975,340.675496442138,1,1,0,1,"PPM","outer","Saturated"
0.912687062281087,51588.1167844185,1,0,1,1,"PPM","outer","Saturated"
0.987931013881366,237.731640896132,2,0,0,1,"PPM","outer","Saturated"
0.97681290240344,616.944187797457,0,3,0,0,"PPM","outer","Saturated"
0.0473457986944808,2722.75198284741,1,0,1,1,"PPM","outer","Saturated"
0.960896236628133,9.63324541732791,2,1,0,0,"PPM","outer","Saturated"
0.77984635287951,58.7271306274504,2,0,0,1,"PPM","outer","Saturated"
0.226228620326754,759.420915243598,1,2,0,0,"PPM","outer","Saturated"
0.971166472112129,2.82099590550496,3,0,0,0,"PPM","outer","Saturated"
0.9714593746585,102.488572578951,1,2,0,0,"PPM","outer","Saturated"
0.85342973008513,28.0905416713454,2,1,0,0,"PPM","outer","Saturated"
0.973094544534328,55116297.5945615,1,1,0,1,"PPM","outer","Saturated"
0.225371227699925,501.706481217931,1,1,0,1,"PPM","outer","Saturated"
0.979217498679413,21.7490476212699,1,0,2,0,"PPM","outer","Saturated"
0.825621873486705,737.078838054372,0,0,2,1,"PPM","outer","Saturated"
0.27357865141746,73006.4844571816,1,1,0,1,"PPM","outer","Saturated"
0.933674655848777,7.83933762311236,1,0,2,0,"PPM","outer","Saturated"
0.806977752559067,15.3005713418527,1,0,1,1,"PPM","outer","Saturated"
0.984128333772871,511774.291813412,2,1,0,0,"PPM","outer","Saturated"
0.984692069745882,5.4782240840706,3,0,0,0,"PPM","outer","Saturated"
0.984010608386307,3.93335902702583,0,0,3,0,"PPM","outer","Saturated"
0.179737524881961,1197.38671531012,0,1,1,1,"PPM","outer","Saturated"
0.940576556684929,2.51636789475859,2,0,1,0,"PPM","outer","Saturated"
0.959531534815222,88.9985899804593,1,1,1,0,"PPM","outer","Saturated"
0.91329778305463,16.9076132401284,0,1,1,1,"PPM","outer","Saturated"
0.961021620107443,2511.22587304537,0,0,0,3,"PPM","outer","Saturated"
0.958033838714558,30.8844252648029,2,1,0,0,"PPM","outer","Saturated"
0.930111360315278,70.6250526967623,2,1,0,0,"PPM","outer","Saturated"
0.987014185551941,9.2515986912799,1,1,0,1,"PPM","outer","Saturated"
0.652237663936292,96.4105448405118,1,1,0,1,"PPM","outer","Saturated"
0.257921323196039,1696.72592672639,0,2,1,0,"PPM","outer","Saturated"
0.945843205473011,20026.4632731244,1,1,1,0,"PPM","outer","Saturated"
0.980240051646735,1.47462080402757,0,1,2,0,"PPM","outer","Saturated"
0.753569555760857,2072.17733346641,1,0,1,1,"PPM","outer","Saturated"
0.728138906526117,826.414113456144,2,1,0,0,"PPM","outer","Saturated"
0.89894865238374,14.2302995724482,3,0,0,0,"PPM","outer","Saturated"
0.981229403587162,20.7373654495992,1,0,1,1,"PPM","outer","Saturated"
0.929685399683608,3.2518494898528,2,0,1,0,"PPM","outer","Saturated"
0.974583737661196,6.35686410814442,2,0,1,0,"PPM","outer","Saturated"
0.98436365192904,121.719964311006,1,0,1,1,"PPM","outer","Saturated"
0.387417333022496,118.372611466559,1,0,1,1,"PPM","outer","Saturated"
0.952780125009482,19.6956727050336,1,0,2,0,"PPM","outer","Saturated"
0.96179138931731,1172.45679192781,2,1,0,0,"PPM","outer","Saturated"
0.868324651014896,25.6516756530559,1,0,1,1,"PPM","outer","Saturated"
0.906388396575219,2737.24474264136,1,2,0,0,"PPM","outer","Saturated"
0.983904975890554,0.602281109638576,0,1,1,1,"PPM","outer","Saturated"
0.895467266127456,14.4363619034337,1,0,2,0,"PPM","outer","Saturated"
0.950866844994051,3.44447314059432,1,1,1,0,"PPM","outer","Saturated"
0.887240136717472,12222.0222568903,2,1,0,0,"PPM","outer","Saturated"
0.98090940574985,0.662729972602047,1,0,2,0,"PPM","outer","Saturated"
0.200402401224398,1732.36620231421,1,1,0,1,"PPM","outer","Saturated"
0.76996176160072,69.5931886081754,2,1,0,0,"PPM","outer","Saturated"
0.816183315628427,24.2844944835611,0,1,2,0,"PPM","outer","Saturated"
0.886582390206395,7.59099611609585,3,0,0,0,"PPM","outer","Saturated"
0.158627829495433,1897.27187010842,1,1,0,1,"PPM","outer","Saturated"
0.469686503256646,1297.54136467895,0,3,0,0,"PPM","outer","Saturated"
0.972427104126115,605.867844593958,0,1,0,2,"PPM","outer","Saturated"
0.985139138646981,12.0681724331384,0,2,1,0,"PPM","outer","Saturated"
0.881741205010457,42.55078045597,1,2,0,0,"PPM","outer","Saturated"
0.158571020237718,358.208892358117,1,1,0,1,"PPM","outer","Saturated"
0.961456423304313,1256.34389932813,2,0,1,0,"PPM","outer","Saturated"
0.875986291787552,17.4634539103739,0,1,1,1,"PPM","outer","Saturated"
0.0506585409783075,2431.41547617505,1,1,0,1,"PPM","outer","Saturated"
0.508594734892136,1130.1434792276,0,3,0,0,"PPM","outer","Saturated"
0.523480984337236,593.848229404969,0,2,0,1,"PPM","outer","Saturated"
0.965464396919355,2260.37136845741,1,0,0,2,"PPM","outer","Saturated"
0.926632264983952,21.405929859364,3,0,0,0,"PPM","outer","Saturated"
0.900436547957848,1307.53112082379,2,1,0,0,"PPM","outer","Saturated"
0.947105239576737,21.3397561286482,2,0,1,0,"PPM","outer","Saturated"
0.50960757013293,475.646990401284,2,0,0,1,"PPM","outer","Saturated"
0.23807468066682,475.10390137319,1,2,0,0,"PPM","outer","Saturated"
0.960030139465593,273.474237991941,1,1,0,1,"PPM","outer","Saturated"
0.759839014721691,317.59459072813,1,1,1,0,"PPM","outer","Saturated"
0.574078744129821,4824.79608252406,1,1,0,1,"PPM","outer","Saturated"
0.945860331932769,4.7752091179578,2,0,1,0,"PPM","outer","Saturated"
0.849538257407125,13.8977822067925,1,0,1,1,"PPM","outer","Saturated"
0.402319231788851,58.8457264342247,2,1,0,0,"PPM","outer","Saturated"
0.193935327048928,969.480219630063,2,1,0,0,"PPM","outer","Saturated"
0.246260857190318,632.478903802959,1,0,1,1,"PPM","outer","Saturated"
0.825751148248501,70.8494965307264,1,2,0,0,"PPM","outer","Saturated"
0.972329188244396,46.0598214527759,1,0,1,1,"PPM","outer","Saturated"
0.162826347099204,659.516601856584,2,0,0,1,"PPM","outer","Saturated"
0.928823820631679,488.268955885013,0,2,1,0,"PPM","outer","Saturated"
0.69892288892682,1035.16782322442,1,1,1,0,"PPM","outer","Saturated"
0.127299940171483,727.88850624336,0,0,2,1,"PPM","outer","Saturated"
0.861728300813811,21.096709798438,2,0,0,1,"PPM","outer","Saturated"
0.958429176598424,2.20200942134373,2,0,1,0,"PPM","outer","Saturated"
0.980335304601103,19.0672448929907,2,0,1,0,"PPM","outer","Saturated"
0.967109564738932,8.66900857821154,2,0,1,0,"PPM","outer","Saturated"
0.965139062577002,29.1913749314564,2,0,0,1,"PPM","outer","Saturated"
0.301649136226025,380.892173709947,2,1,0,0,"PPM","outer","Saturated"
0.733582102559608,54.5559001593204,1,1,0,1,"PPM","outer","Saturated"
0.946144895356621,82.0307257309973,1,1,0,1,"PPM","outer","Saturated"
0.830908552583237,14.3981009965522,0,0,2,1,"PPM","outer","Saturated"
0.905130774447339,17.5079036102375,0,1,1,1,"PPM","outer","Saturated"
0.963617881432693,8.00303144436729,1,0,1,1,"PPM","outer","Saturated"
0.968544388686372,11.1587379381071,2,0,0,1,"PPM","outer","Saturated"
0.16932925047826,1957.20213745103,1,1,1,0,"PPM","outer","Saturated"
0.244590201262712,402.031999252369,2,1,0,0,"PPM","outer","Saturated"
0.988539309604461,5.73492295503055,1,2,0,0,"PPM","outer","Saturated"
0.899860970176589,88.6508987296115,2,0,0,1,"PPM","outer","Saturated"
0.930787871572376,38.7695253344413,2,0,0,1,"PPM","outer","Saturated"
0.860867627415239,248.79528348746,2,1,0,0,"PPM","outer","Saturated"
0.956884102870452,6.92687398095432,1,1,1,0,"PPM","outer","Saturated"
0.936665229728459,101.973205819351,3,0,0,0,"PPM","outer","Saturated"
0.979708501519066,3.21320624305128,1,0,1,1,"PPM","outer","Saturated"
0.265181891717197,391.420165241145,0,2,1,0,"PPM","outer","Saturated"
0.888290906988796,8.92710897462959,3,0,0,0,"PPM","outer","Saturated"
0.973572814724304,12.4164134711431,1,2,0,0,"PPM","outer","Saturated"
0.921570292063646,6.20482228901895,3,0,0,0,"PPM","outer","Saturated"
0.950840487795107,39.1996381120928,2,0,1,0,"PPM","outer","Saturated"
0.978985785946883,1969.15856766821,0,1,0,2,"PPM","outer","Saturated"
0.572061596765358,415.815174955819,1,2,0,0,"PPM","outer","Saturated"
0.97258588180161,94136.4172842072,1,1,0,1,"PPM","outer","Saturated"
0.9117307890679,7.98394235239697,0,1,2,0,"PPM","outer","Saturated"
0.950406182308594,504.480953465706,2,0,0,1,"PPM","outer","Saturated"
0.994206603655311,0.77022555443164,1,0,1,1,"PPM","outer","Saturated"
0.985680370955605,4.13524359476645,1,0,1,1,"PPM","outer","Saturated"
0.310452458130482,271.37071145055,0,1,1,1,"PPM","outer","Saturated"
0.970103714692111,15.4067361616803,2,1,0,0,"PPM","outer","Saturated"
0.940375513585175,5.57962704647833,1,0,1,1,"PPM","outer","Saturated"
0.964309024370366,0.600449446877648,2,0,1,0,"PPM","outer","Saturated"
0.971983441540705,12.464486582131,2,1,0,0,"PPM","outer","Saturated"
0.991090557640516,3.81992262518649,0,1,2,0,"PPM","outer","Saturated"
0.979090750283326,95.9138959047518,1,1,1,0,"PPM","outer","Saturated"
0.851369044164946,16.1436344000906,1,1,1,0,"PPM","outer","Saturated"
0.110680810975434,829.835517176521,2,0,0,1,"PPM","outer","Saturated"
0.93589998142569,7.65450522761849,1,1,1,0,"PPM","outer","Saturated"
0.959085822262056,3.66908494321971,1,1,1,0,"PPM","outer","Saturated"
0.910016301139637,7.21168949348612,1,1,0,1,"PPM","outer","Saturated"
0.973060714157278,852.844809513119,1,0,1,1,"PPM","outer","Saturated"
0.725435856839447,217.392826534786,2,1,0,0,"PPM","outer","Saturated"
0.176910906313319,250.464040359139,0,1,1,1,"PPM","outer","Saturated"
0.980662610768604,5.10494248110694,1,0,1,1,"PPM","outer","Saturated"
0.14642098275994,748.55871225754,1,1,0,1,"PPM","outer","Saturated"
0.932093875765004,300.322535647883,1,1,0,1,"PPM","outer","Saturated"
0.395439996482047,1999.09566020636,2,0,0,1,"PPM","outer","Saturated"
0.947078110513117,3.45475694290269,2,1,0,0,"PPM","outer","Saturated"
0.0856199673199964,2360.84652127291,1,1,0,1,"PPM","outer","Saturated"
0.946393579497571,6.83091290004633,2,0,0,1,"PPM","outer","Saturated"
0.928056079916609,17.149151886012,2,0,1,0,"PPM","outer","Saturated"
0.0517858757394386,7072.2616419183,0,2,1,0,"PPM","outer","Saturated"
0.703451341294963,1638.63459658766,1,1,1,0,"PPM","outer","Saturated"
0.974519702605658,145768.467683664,1,0,0,2,"PPM","outer","Saturated"
0.842373882407146,13.0328091362384,3,0,0,0,"PPM","outer","Saturated"
0.953025675818607,5.53642690930635,2,0,1,0,"PPM","outer","Saturated"
0.848318790389734,41.2745651771295,1,0,0,2,"PPM","outer","Saturated"
0.986497002753495,140.952454218958,1,1,1,0,"PPM","outer","Saturated"
0.974171635118229,1.10502456419163,1,0,2,0,"PPM","outer","Saturated"
0.961243803687497,313453.685877118,2,0,0,1,"PPM","outer","Saturated"
0.790887047707679,112.253102664433,1,2,0,0,"PPM","outer","Saturated"
0.982073480857505,2.28791620232525,0,0,2,1,"PPM","outer","Saturated"
0.945435917814661,7.03978401645214,2,0,1,0,"PPM","outer","Saturated"
0.962492132529146,5.5488703148501,2,0,1,0,"PPM","outer","Saturated"
0.350980883831378,166.853979183227,2,0,0,1,"PPM","outer","Saturated"
0.975671365783612,6.12340059745988,1,1,1,0,"PPM","outer","Saturated"
0.946188727366422,124.391523248777,2,0,1,0,"PPM","outer","Saturated"
0.241789415700707,437.661066548964,2,1,0,0,"PPM","outer","Saturated"
0.964380524809517,1.71857725126222,1,0,2,0,"PPM","outer","Saturated"
0.716939434182122,41.7420145508223,1,0,1,1,"PPM","outer","Saturated"
0.925026245449033,17.1441307315864,1,1,1,0,"PPM","outer","Saturated"
0.974731535960152,169.262070822372,1,0,1,1,"PPM","outer","Saturated"
0.945039128759207,9.08462291377612,3,0,0,0,"PPM","outer","Saturated"
0.575498908752063,74.14337477162,1,1,0,1,"PPM","outer","Saturated"
0.980257673788221,15.2258093747142,1,2,0,0,"PPM","outer","Saturated"
0.170693784789483,873.888094379855,0,1,0,2,"PPM","outer","Saturated"
0.988412126672536,11411.8901412178,2,0,0,1,"PPM","outer","Saturated"
0.981314142805353,39.2461489847448,1,0,2,0,"PPM","outer","Saturated"
0.925760719602065,2.07416470198021,2,0,1,0,"PPM","outer","Saturated"
0.973091573895578,9.93187059864083,3,0,0,0,"PPM","outer","Saturated"
0.934883797407465,112.204094604112,1,0,1,1,"PPM","outer","Saturated"
0.939065021834346,56.7076876160241,2,0,0,1,"PPM","outer","Saturated"
0.971242736535421,0.803655650958529,1,0,0,2,"PPM","outer","Saturated"
0.980552917191166,7.4951790300085,2,0,0,1,"PPM","outer","Saturated"
0.167493632938082,1899.18856208791,2,1,0,0,"PPM","outer","Saturated"
0.752723215482449,632.243066447061,2,1,0,0,"PPM","outer","Saturated"
0.608954950343907,53.7329858782401,0,1,1,1,"PPM","outer","Saturated"
0.959455911169751,6.33424067738282,2,1,0,0,"PPM","outer","Saturated"
0.9540083223199,142.693208900757,0,1,0,2,"PPM","outer","Saturated"
0.948783970180199,67.329620003156,1,1,0,1,"PPM","outer","Saturated"
0.877071655609731,16.1203206069471,1,1,1,0,"PPM","outer","Saturated"
0.979569997725874,48.0773516025897,1,0,0,2,"PPM","outer","Saturated"
0.989750207303604,1670.14624652664,2,0,1,0,"PPM","outer","Saturated"
0.160403772000135,1662.37227648838,1,1,0,1,"PPM","outer","Saturated"
0.359048626098548,301.094387802951,2,1,0,0,"PPM","outer","Saturated"
0.108469977564404,1760.83475592554,1,1,0,1,"PPM","outer","Saturated"
0.800522449843856,3944.90244610795,2,0,0,1,"PPM","outer","Saturated"
0.285698674186747,1581.24629650693,0,2,0,1,"PPM","outer","Saturated"
0.929441100421774,13.5455495337839,2,0,0,1,"PPM","outer","Saturated"
0.973786230703641,2.40438647953549,2,0,1,0,"PPM","outer","Saturated"
0.807340169804966,19.6995212701506,1,0,0,2,"PPM","outer","Saturated"
0.912381221854889,6.26684055494562,3,0,0,0,"PPM","outer","Saturated"
0.223266724378116,573.077444667763,1,0,1,1,"PPM","outer","Saturated"
0.969398378257731,7.95466757188175,2,0,0,1,"PPM","outer","Saturated"
0.283990504056624,1831.72282419349,1,1,0,1,"PPM","outer","Saturated"
0.717715147201079,10091.7618228826,2,1,0,0,"PPM","outer","Saturated"
0.551506251082141,1931.55793573675,1,1,0,1,"PPM","outer","Saturated"
0.962254167133114,5.47435675047008,3,0,0,0,"PPM","outer","Saturated"
0.394983861916539,3298.83103603666,0,1,1,1,"PPM","outer","Saturated"
0.59024313503155,143.458487797768,1,1,0,1,"PPM","outer","Saturated"
0.968656124846179,11.8629090581729,3,0,0,0,"PPM","outer","Saturated"
0.973132678807434,4.85651389209227,2,0,1,0,"PPM","outer","Saturated"
0.992474365409247,85.5035297993473,2,0,1,0,"PPM","outer","Saturated"
0.67690454586531,42.8829999857456,1,0,0,2,"PPM","outer","Saturated"
0.898741663144972,15.8348978792778,2,1,0,0,"PPM","outer","Saturated"
0.951879919108471,8.64869420422059,2,0,1,0,"PPM","outer","Saturated"
0.559194555810916,98.9086602911454,2,0,0,1,"PPM","outer","Saturated"
0.108041139856973,1180.66944106952,2,1,0,0,"PPM","outer","Saturated"
0.315976083322413,551.330352039289,1,0,0,2,"PPM","outer","Saturated"
0.279157269405768,704.073550371881,2,1,0,0,"PPM","outer","Saturated"
0.943279662744073,98.0133246725924,1,2,0,0,"PPM","outer","Saturated"
0.931998518638558,7.84504746950359,1,0,2,0,"PPM","outer","Saturated"
0.961983108358286,5.38126441671169,2,0,1,0,"PPM","outer","Saturated"
0.892063029027331,16.1205157958962,1,1,0,1,"PPM","outer","Saturated"
0.876265324636544,1890.931990773,0,1,2,0,"PPM","outer","Saturated"
0.959212656662231,8.44979403640906,1,0,2,0,"PPM","outer","Saturated"
0.972078321335867,4.03747796873335,3,0,0,0,"PPM","outer","Saturated"
0.957506217336991,195.917511132677,1,0,2,0,"PPM","outer","Saturated"
0.904938738039679,11349.3620810398,1,0,1,1,"PPM","outer","Saturated"
0.94792107209303,4.17498103267881,3,0,0,0,"PPM","outer","Saturated"
