"Corr.surf","Dist.true.cent","Normal","Log.norm","Beta","Gamma","approach","centr.conf"
0.967093343136324,2812.63751892101,1,0,0,2,"PPM-sat","edge"
0.973594749322038,1.01611986324465,1,1,0,1,"PPM-sat","edge"
0.962654495492096,0.223252263334267,3,0,0,0,"PPM-sat","edge"
0.947030089510306,1.36973253963281,1,0,1,1,"PPM-sat","edge"
0.956058576815098,24.3385380217128,2,1,0,0,"PPM-sat","edge"
0.969657563243565,9.10062860175819,1,2,0,0,"PPM-sat","edge"
0.971537994314444,0.484213091066925,3,0,0,0,"PPM-sat","edge"
0.965158661976964,255.862301209984,1,1,0,1,"PPM-sat","edge"
0.973971777977881,1.17826989317922,2,1,0,0,"PPM-sat","edge"
0.968504424203269,2.69528227779589,3,0,0,0,"PPM-sat","edge"
0.985549242598366,2.86471079929344,0,0,2,1,"PPM-sat","edge"
0.936085528765263,4.50477187015599,2,1,0,0,"PPM-sat","edge"
0.966477495004411,0.233678643365199,1,0,1,1,"PPM-sat","edge"
0.971711660025271,11.6596348886904,1,0,2,0,"PPM-sat","edge"
0.961588463561913,4.39062265320762,2,1,0,0,"PPM-sat","edge"
0.971525513267833,0.4639278517274,1,1,0,1,"PPM-sat","edge"
0.916944963992744,1.28078056692789,0,0,2,1,"PPM-sat","edge"
0.692559410745041,2.88930920249057,1,0,0,2,"PPM-sat","edge"
0.954314356724651,1.63219416573307,2,1,0,0,"PPM-sat","edge"
0.982545065077449,369.90309754732,0,1,0,2,"PPM-sat","edge"
0.889902564272973,1074.3398672494,1,1,0,1,"PPM-sat","edge"
0.980636217173527,7.11551948846293,1,1,0,1,"PPM-sat","edge"
0.975696992908212,0.650078169781529,0,0,3,0,"PPM-sat","edge"
0.742346522957829,8.41233561413986,1,2,0,0,"PPM-sat","edge"
0.96140689247992,10500.8800975922,1,0,2,0,"PPM-sat","edge"
0.983253509119681,0.572013653558994,2,1,0,0,"PPM-sat","edge"
0.950934007128857,4.59376876017398,1,1,0,1,"PPM-sat","edge"
0.952151467357589,19.287122500856,0,1,1,1,"PPM-sat","edge"
0.92905271473589,9.26090804036257,2,1,0,0,"PPM-sat","edge"
0.862848040079839,610.132714941818,1,1,1,0,"PPM-sat","edge"
0.970377844828682,42.2815224172226,2,0,0,1,"PPM-sat","edge"
0.965853412718171,13.9956490824803,1,1,1,0,"PPM-sat","edge"
0.934773306599318,0.49242658517688,1,2,0,0,"PPM-sat","edge"
0.876339694654009,12.864302465905,1,0,1,1,"PPM-sat","edge"
0.944445135057944,57.6810898914099,1,0,2,0,"PPM-sat","edge"
0.858721990715632,11.5365742803192,0,3,0,0,"PPM-sat","edge"
0.953529482168642,8.06809356932021,0,1,0,2,"PPM-sat","edge"
0.976912449772477,4.4044168057969,3,0,0,0,"PPM-sat","edge"
0.928062967511765,1976.27095830542,1,1,0,1,"PPM-sat","edge"
0.961540259769895,21.2095815319113,1,0,1,1,"PPM-sat","edge"
0.983068482701026,0.467526537355021,3,0,0,0,"PPM-sat","edge"
0.984625050891848,1.71754308582853,0,2,0,1,"PPM-sat","edge"
0.990474199076204,70.8851338022837,0,1,1,1,"PPM-sat","edge"
0.966129635036767,1.79813416010329,0,2,0,1,"PPM-sat","edge"
0.994311843050556,1.24143229694863,1,1,0,1,"PPM-sat","edge"
0.985825680983751,1.13116776917141,2,0,1,0,"PPM-sat","edge"
0.976675290215591,4.31403373809443,0,2,1,0,"PPM-sat","edge"
0.82023562894619,595.342053781938,1,0,0,2,"PPM-sat","edge"
0.910020235549457,35495.7049902089,0,1,0,2,"PPM-sat","edge"
0.968344260445782,2.81004460400071,0,1,0,2,"PPM-sat","edge"
0.991749080253443,2.93248156109878,1,0,1,1,"PPM-sat","edge"
0.986566329662008,104.554401777979,0,0,2,1,"PPM-sat","edge"
0.968095236792504,0.381158076264575,2,0,1,0,"PPM-sat","edge"
0.920800504837638,4.28145018291325,1,1,1,0,"PPM-sat","edge"
0.951776345830753,57.6245599939679,0,1,0,2,"PPM-sat","edge"
0.605850558977967,6.44112895921675,1,0,1,1,"PPM-sat","edge"
0.960066800867029,4370.63021206217,1,1,1,0,"PPM-sat","edge"
0.919334443021155,1588964.96977411,0,2,0,1,"PPM-sat","edge"
0.983319059527014,23.3965379663674,1,0,1,1,"PPM-sat","edge"
0.98598116688893,0.078517305006895,2,1,0,0,"PPM-sat","edge"
0.985012161152732,0.879720179644307,1,0,1,1,"PPM-sat","edge"
0.949289249785697,2.29929773961658,0,2,1,0,"PPM-sat","edge"
0.980387003451714,1.00886855087743,1,0,1,1,"PPM-sat","edge"
0.928507269739866,203.28589057055,0,0,1,2,"PPM-sat","edge"
0.859228667757262,85.7296672176155,1,1,1,0,"PPM-sat","edge"
0.807320486865046,7.90164788129234,1,0,1,1,"PPM-sat","edge"
0.798256455097292,250.950792225658,1,1,1,0,"PPM-sat","edge"
0.976136122121288,554.473789524351,0,3,0,0,"PPM-sat","edge"
0.953579472328842,10.6479448267425,1,0,1,1,"PPM-sat","edge"
0.995121406441293,0.0853038000466175,1,0,1,1,"PPM-sat","edge"
0.948278921017506,0.599947190474329,2,1,0,0,"PPM-sat","edge"
0.709706993908337,14.5940284180753,2,1,0,0,"PPM-sat","edge"
0.938269654145784,2.92399858644522,0,1,0,2,"PPM-sat","edge"
0.991230268391068,0.373170333406431,2,0,0,1,"PPM-sat","edge"
0.958966865006006,897.143440544199,1,0,0,2,"PPM-sat","edge"
0.952677862636296,2.78711354581135,1,1,1,0,"PPM-sat","edge"
0.98066374075628,0.0755334130041026,2,0,1,0,"PPM-sat","edge"
0.969017913826183,2.80666323796787,2,0,1,0,"PPM-sat","edge"
0.97252543030292,0.0922916072540961,2,0,1,0,"PPM-sat","edge"
0.960978523777065,80.7870853540665,2,0,1,0,"PPM-sat","edge"
0.705596292224763,555.515959809911,1,1,1,0,"PPM-sat","edge"
0.969885246445338,1.55982004510881,1,0,2,0,"PPM-sat","edge"
0.906109441857835,8.75664687832696,2,1,0,0,"PPM-sat","edge"
0.981074499388476,12.1438730303105,3,0,0,0,"PPM-sat","edge"
0.941139449068945,17.7228728620867,1,2,0,0,"PPM-sat","edge"
0.73523828460025,50.6908049580635,0,1,1,1,"PPM-sat","edge"
0.885138469510157,6.61333097552993,0,2,0,1,"PPM-sat","edge"
0.898419124325028,4.75281859437956,2,0,0,1,"PPM-sat","edge"
0.946789857636829,14.1163236006016,0,0,2,1,"PPM-sat","edge"
0.984123320255882,2.4463536972552,2,0,1,0,"PPM-sat","edge"
0.976713831905804,0.443606815989355,1,0,2,0,"PPM-sat","edge"
0.968035926253431,2.73545847900179,1,1,0,1,"PPM-sat","edge"
0.992972337786038,0.18188387224607,1,0,2,0,"PPM-sat","edge"
0.970547223667283,15.9168986370249,1,1,0,1,"PPM-sat","edge"
0.987335742446265,0.17399303032202,2,0,0,1,"PPM-sat","edge"
0.802284442303404,3.73332481673846,0,1,2,0,"PPM-sat","edge"
0.807156229271451,19.5007599092333,2,1,0,0,"PPM-sat","edge"
0.994219907901586,3.89110619331643,1,0,1,1,"PPM-sat","edge"
0.985365013520532,35.9927025836349,1,1,1,0,"PPM-sat","edge"
0.96912627096727,7.86071716481883,2,1,0,0,"PPM-sat","edge"
0.964522496406052,121.722019507961,2,0,0,1,"PPM-sat","edge"
0.857435640144674,4.94174220284418,1,1,0,1,"PPM-sat","edge"
0.983280483368617,378.127273379543,2,1,0,0,"PPM-sat","edge"
0.965712454306731,1.53715342141394,1,1,1,0,"PPM-sat","edge"
0.868931763461117,427.307825891432,1,0,0,2,"PPM-sat","edge"
0.965119289973378,0.331221625964498,1,0,2,0,"PPM-sat","edge"
0.970697510109633,0.0587475733676116,1,0,0,2,"PPM-sat","edge"
0.969796678380664,1.08904225606254,2,1,0,0,"PPM-sat","edge"
0.984145005093397,2.10489596195354,1,0,1,1,"PPM-sat","edge"
0.744448362795953,74.2075401829903,0,1,1,1,"PPM-sat","edge"
0.970805147433235,1.06568340123559,1,0,2,0,"PPM-sat","edge"
0.990288905484681,0.704431005548486,1,1,1,0,"PPM-sat","edge"
0.966404480575673,66.8016436194145,0,1,1,1,"PPM-sat","edge"
0.967556496496705,2.6446073730917,2,0,0,1,"PPM-sat","edge"
0.967254738943245,44.7791830291864,1,0,1,1,"PPM-sat","edge"
0.984497122110559,0.970096061799493,2,0,0,1,"PPM-sat","edge"
0.989300947693552,2.36087939868767,3,0,0,0,"PPM-sat","edge"
0.96368056555243,2.15077391209724,2,0,1,0,"PPM-sat","edge"
0.955848801882357,69.9745885497272,1,1,0,1,"PPM-sat","edge"
0.982292492905767,0.802938065844297,0,0,2,1,"PPM-sat","edge"
0.962351967177538,6.5485541625558,0,1,0,2,"PPM-sat","edge"
0.974609309606452,0.17795252777365,2,1,0,0,"PPM-sat","edge"
0.965538969982005,0.250254401597889,1,0,1,1,"PPM-sat","edge"
0.76506418430768,52.0622999795935,1,1,0,1,"PPM-sat","edge"
0.979298697595924,214.749727574415,0,1,1,1,"PPM-sat","edge"
0.956230948717987,8175.8855466178,0,1,0,2,"PPM-sat","edge"
0.925472286667795,168.849392427398,0,3,0,0,"PPM-sat","edge"
0.961114657091852,0.342972629270362,0,0,2,1,"PPM-sat","edge"
0.979640651736572,0.668836993788069,1,0,1,1,"PPM-sat","edge"
0.97623198971185,2.90238920773747,1,1,0,1,"PPM-sat","edge"
0.980254754831426,0.148354065516969,1,0,2,0,"PPM-sat","edge"
0.988608426692956,7.53656432520825,2,0,1,0,"PPM-sat","edge"
0.878849948007235,2422.62944145312,2,1,0,0,"PPM-sat","edge"
0.988887805646636,3.74061176036293,2,1,0,0,"PPM-sat","edge"
0.973927972985138,1.74001071421718,1,1,1,0,"PPM-sat","edge"
0.973516664653103,197.47643760423,2,0,1,0,"PPM-sat","edge"
0.97248594253291,9.55275758038332,1,1,1,0,"PPM-sat","edge"
0.687338234975038,3.43120937727437,1,1,0,1,"PPM-sat","edge"
0.984682791743385,0.0998629450003393,2,1,0,0,"PPM-sat","edge"
0.727449011067359,10.0124823919275,0,3,0,0,"PPM-sat","edge"
0.941238980567558,0.710441124667839,0,1,1,1,"PPM-sat","edge"
0.956602247174072,0.83120263427403,0,0,2,1,"PPM-sat","edge"
0.99247323716767,305.782920907227,0,1,1,1,"PPM-sat","edge"
0.991491415579101,4.19396231829576,1,0,1,1,"PPM-sat","edge"
0.966077962700584,2808.34784476527,0,1,1,1,"PPM-sat","edge"
0.840868292311167,549.178607134499,1,2,0,0,"PPM-sat","edge"
0.898321537663019,1021.49836768719,1,2,0,0,"PPM-sat","edge"
0.928705471148112,4117.71999554502,0,2,0,1,"PPM-sat","edge"
0.989395672816158,229.396342452103,1,1,0,1,"PPM-sat","edge"
0.954565116670512,697.732515062542,1,0,1,1,"PPM-sat","edge"
0.950688565566433,7.25546786838698,0,2,1,0,"PPM-sat","edge"
0.941345900991087,3.2211847832923,0,1,1,1,"PPM-sat","edge"
0.941763383115713,6.01454500247824,0,1,0,2,"PPM-sat","edge"
0.967706166735561,1855.21902453257,0,1,1,1,"PPM-sat","edge"
0.92688207986288,25.7267808626281,1,2,0,0,"PPM-sat","edge"
0.984449287473574,3.08741913445596,3,0,0,0,"PPM-sat","edge"
0.969456852754261,2.36392788867488,1,2,0,0,"PPM-sat","edge"
0.954019563205767,47.7772756611388,2,0,0,1,"PPM-sat","edge"
0.948164843782027,47.4066485060533,2,0,0,1,"PPM-sat","edge"
0.972208905920295,0.281437126139677,0,1,2,0,"PPM-sat","edge"
0.912859580622209,45.3269406430022,0,0,1,2,"PPM-sat","edge"
0.97605833343989,0.190524633968813,1,0,1,1,"PPM-sat","edge"
0.984366553717167,19.9884341602881,1,1,0,1,"PPM-sat","edge"
0.955754049300344,3.11345266099314,1,0,1,1,"PPM-sat","edge"
0.992857006465291,0.752547954831669,1,0,2,0,"PPM-sat","edge"
0.918451122901979,16.6502156624158,1,0,0,2,"PPM-sat","edge"
0.976446142613324,0.218324215313803,1,1,1,0,"PPM-sat","edge"
0.589106491187582,5.99255331123485,1,2,0,0,"PPM-sat","edge"
0.976051382953197,0.459099238387226,2,0,1,0,"PPM-sat","edge"
0.930302263247645,3.09747945460753,2,1,0,0,"PPM-sat","edge"
0.939120830062166,2.91371147925649,1,0,1,1,"PPM-sat","edge"
0.963810196999376,0.764472277685737,1,0,2,0,"PPM-sat","edge"
0.97958035796298,4.27943811340786,1,1,0,1,"PPM-sat","edge"
0.96944927313736,0.409535129045113,1,0,1,1,"PPM-sat","edge"
0.388308571144289,4538.63343421355,1,0,1,1,"PPM-sat","edge"
0.981814845677808,0.769912601980588,2,0,0,1,"PPM-sat","edge"
0.984522380628308,0.718179435107381,2,1,0,0,"PPM-sat","edge"
0.963951654321602,0.403925213596035,0,1,2,0,"PPM-sat","edge"
0.844800789391266,84.1757051279289,1,2,0,0,"PPM-sat","edge"
0.983676727360297,2.16293461911174,0,1,1,1,"PPM-sat","edge"
0.84830359282711,7.2901037114156,0,1,2,0,"PPM-sat","edge"
0.954351900325433,59.7046209616017,0,2,1,0,"PPM-sat","edge"
0.984318937340934,1.06577606614713,2,0,1,0,"PPM-sat","edge"
0.939577374839884,83.7762484698819,0,1,2,0,"PPM-sat","edge"
0.976330202426508,0.737262827697684,2,0,1,0,"PPM-sat","edge"
0.953882617351819,0.542430864206216,1,0,0,2,"PPM-sat","edge"
0.990067712203011,1.05818243845155,0,1,1,1,"PPM-sat","edge"
0.958060810799634,23.0319523313909,1,1,1,0,"PPM-sat","edge"
0.931999772654008,451.22925578563,0,2,1,0,"PPM-sat","edge"
0.980523804464842,2.15290702705682,1,1,1,0,"PPM-sat","edge"
0.961099985667144,0.282401333380067,3,0,0,0,"PPM-sat","edge"
0.831573510077659,20.8246747887221,1,0,0,2,"PPM-sat","edge"
0.986693547454812,5.12462434169573,1,1,1,0,"PPM-sat","edge"
0.95770797887252,0.968613493913629,0,1,1,1,"PPM-sat","edge"
0.968254861027439,39.8282058251339,2,0,0,1,"PPM-sat","edge"
0.973507786511828,0.696236119373924,1,1,1,0,"PPM-sat","edge"
0.98426253964878,21.7828879443088,1,0,1,1,"PPM-sat","edge"
0.979157166077045,0.900198929384246,1,1,1,0,"PPM-sat","edge"
0.960670349322731,6.34071156323791,2,0,1,0,"PPM-sat","edge"
0.786135639160449,5.57057144347005,1,1,1,0,"PPM-sat","edge"
0.969986115036146,0.326644444105398,0,0,1,2,"PPM-sat","edge"
0.967669844726977,0.56822281693726,1,0,1,1,"PPM-sat","edge"
0.978541205723417,0.307634873535355,3,0,0,0,"PPM-sat","edge"
0.78938344090474,475.311403210148,1,1,1,0,"PPM-sat","edge"
0.88416161040045,3.13707423242683,1,1,0,1,"PPM-sat","edge"
0.957431671805331,0.482145924501054,0,0,3,0,"PPM-sat","edge"
0.978778110526584,1.3561065777638,0,2,0,1,"PPM-sat","edge"
0.957406232621748,25.0942815372235,0,2,0,1,"PPM-sat","edge"
0.97440913967716,1.33504228511701,0,1,2,0,"PPM-sat","edge"
0.95425409453115,1.63969377159403,0,0,1,2,"PPM-sat","edge"
0.939481365052877,209.035004073621,0,1,2,0,"PPM-sat","edge"
0.970472639658774,0.413801766868045,3,0,0,0,"PPM-sat","edge"
0.946291299260224,0.945707183027499,2,1,0,0,"PPM-sat","edge"
0.97702531950309,1.06627964514657,1,1,0,1,"PPM-sat","edge"
0.918717965085874,6.42879065095567,0,1,0,2,"PPM-sat","edge"
0.962297070180436,0.8596788304667,2,0,0,1,"PPM-sat","edge"
0.95854008873846,4.44436643479117,2,0,1,0,"PPM-sat","edge"
0.975764431200957,0.589759192257394,3,0,0,0,"PPM-sat","edge"
0.971733898956432,0.423733667046776,1,1,1,0,"PPM-sat","edge"
0.965290094683973,1.67596096428306,2,1,0,0,"PPM-sat","edge"
0.977934824893097,0.996803542973356,1,0,1,1,"PPM-sat","edge"
0.970421836893611,0.368228449399264,1,1,1,0,"PPM-sat","edge"
0.726149331146277,24.018787848613,1,1,1,0,"PPM-sat","edge"
0.810224096242331,314484.395282357,0,1,0,2,"PPM-sat","edge"
0.978408630847469,0.347550075350354,1,1,0,1,"PPM-sat","edge"
0.985625704695582,63.7444185650904,2,0,0,1,"PPM-sat","edge"
0.796388203449565,212.223932146405,0,1,0,2,"PPM-sat","edge"
0.986882386239637,0.0388479477015234,2,0,1,0,"PPM-sat","edge"
0.837743065651424,4.50376312084549,1,1,0,1,"PPM-sat","edge"
0.981507264312244,0.1905736553667,2,1,0,0,"PPM-sat","edge"
0.971946690153735,301.166823916736,2,0,0,1,"PPM-sat","edge"
0.984396810339161,395.082502890152,0,1,1,1,"PPM-sat","edge"
0.951671776459288,23.0467012739341,1,0,1,1,"PPM-sat","edge"
0.985636619863322,0.416518669675094,1,1,1,0,"PPM-sat","edge"
0.86875468954556,445.366477356144,0,1,1,1,"PPM-sat","edge"
0.979384019651256,20.63508477714,2,0,0,1,"PPM-sat","edge"
0.823716680844055,11.3608837770638,0,1,1,1,"PPM-sat","edge"
0.706242026787921,13.9957536696403,0,0,1,2,"PPM-sat","edge"
0.928814946762782,13.319656826328,1,0,0,2,"PPM-sat","edge"
0.98774983524535,169.380548761021,1,2,0,0,"PPM-sat","edge"
0.977062805234149,26.6197251840086,1,0,1,1,"PPM-sat","edge"
0.96701404686679,17.6998027729476,1,1,0,1,"PPM-sat","edge"
0.967034353423537,0.120639149258225,0,1,2,0,"PPM-sat","edge"
0.912072952619266,3838.31613158928,0,0,0,3,"PPM-sat","edge"
0.982680572798019,6.91393188488963,2,0,1,0,"PPM-sat","edge"
0.762182399900723,239.949041569093,0,1,1,1,"PPM-sat","edge"
0.947691986652579,39.8511324042811,0,1,1,1,"PPM-sat","edge"
0.973319158263602,2.461341478278,3,0,0,0,"PPM-sat","edge"
0.977516044847851,1.08140727407804,3,0,0,0,"PPM-sat","edge"
0.971635703223169,0.667872383554474,1,0,1,1,"PPM-sat","edge"
0.964171755036928,2.82010206691536,1,2,0,0,"PPM-sat","edge"
0.99178369075862,3.71965099260348,2,0,1,0,"PPM-sat","edge"
0.806142209960194,1131.76944736098,0,1,1,1,"PPM-sat","edge"
0.931738352612065,143.39423428237,0,1,0,2,"PPM-sat","edge"
0.982918813738361,0.395564932363835,3,0,0,0,"PPM-sat","edge"
0.981337334095883,21.1639009491561,2,0,1,0,"PPM-sat","edge"
0.967953241573975,1.09671876547115,2,0,0,1,"PPM-sat","edge"
0.81678796589338,11.6233454511489,2,1,0,0,"PPM-sat","edge"
0.969038564940953,188.353795433345,0,1,2,0,"PPM-sat","edge"
0.98372448900138,0.126074785349966,1,0,1,1,"PPM-sat","edge"
0.964313640194836,5.78673718589006,1,1,0,1,"PPM-sat","edge"
0.880657971642893,22.2712432247688,1,1,0,1,"PPM-sat","edge"
0.983335761009897,0.258097398415455,0,0,2,1,"PPM-sat","edge"
0.509858463365495,113.539080905165,0,3,0,0,"PPM-sat","edge"
0.974931850926544,0.694863039207983,3,0,0,0,"PPM-sat","edge"
0.979140775917932,0.896038440335374,0,2,0,1,"PPM-sat","edge"
0.764897446774739,58.9864995310349,0,0,1,2,"PPM-sat","edge"
0.935336760093018,2832.30657183615,0,1,2,0,"PPM-sat","edge"
0.978655520360319,47.9445780648235,2,0,0,1,"PPM-sat","edge"
0.985483206225552,14.7305976634141,2,0,1,0,"PPM-sat","edge"
0.931959444272805,156.583466676067,1,1,0,1,"PPM-sat","edge"
0.942725243894625,10.5786258035157,0,1,2,0,"PPM-sat","edge"
0.960873114233656,0.227431791023365,2,0,1,0,"PPM-sat","edge"
0.965067946914676,0.910796250292408,2,1,0,0,"PPM-sat","edge"
0.903264950317678,174.698080750796,0,2,1,0,"PPM-sat","edge"
0.979733999850863,0.579799957963851,2,0,0,1,"PPM-sat","edge"
0.849582016730443,2.41600703257486,1,2,0,0,"PPM-sat","edge"
0.973144905107048,1102.92901269227,0,2,0,1,"PPM-sat","edge"
0.846809232659627,1067.96702223431,0,2,1,0,"PPM-sat","edge"
0.959169037058901,0.657531010454326,3,0,0,0,"PPM-sat","edge"
0.971804224400829,0.0174316793712462,0,0,3,0,"PPM-sat","edge"
0.702966064900158,14.6532121973676,1,0,0,2,"PPM-sat","edge"
0.971479138047922,0.300831349067597,1,0,1,1,"PPM-sat","edge"
0.825462218049347,7.57636698047103,1,2,0,0,"PPM-sat","edge"
0.671022576156266,6.14653173584328,1,0,1,1,"PPM-sat","edge"
0.985350527298396,4.20582769336177,1,1,1,0,"PPM-sat","edge"
0.928250587068437,7.85871218655038,1,1,1,0,"PPM-sat","edge"
0.865367228641583,92.136842619965,1,2,0,0,"PPM-sat","edge"
0.946614943356419,5.98596723160878,2,0,0,1,"PPM-sat","edge"
0.939922258239115,3.37696149941884,3,0,0,0,"PPM-sat","edge"
0.98346175471443,0.114263670946171,1,0,2,0,"PPM-sat","edge"
0.9592367496931,0.915222957551805,1,0,2,0,"PPM-sat","edge"
0.932515511320338,4.8111453458636,0,2,0,1,"PPM-sat","edge"
0.969230925538444,0.764683585407605,2,0,1,0,"PPM-sat","edge"
0.97312911494083,0.847559671639342,1,0,1,1,"PPM-sat","edge"
0.908078616080425,23.8157164306821,1,2,0,0,"PPM-sat","edge"
0.977460653709576,0.0267335153633596,1,1,1,0,"PPM-sat","edge"
0.985651591590815,3.47964880748998,1,0,2,0,"PPM-sat","edge"
0.956438285340177,781.654778169996,2,0,0,1,"PPM-sat","edge"
0.988155895985043,1.84485860455966,3,0,0,0,"PPM-sat","edge"
0.970666114301377,12.320719061554,1,1,1,0,"PPM-sat","edge"
0.967876617117845,0.270036048021782,1,0,1,1,"PPM-sat","edge"
0.980878863981599,1.13518132845952,1,2,0,0,"PPM-sat","edge"
0.980169685715413,0.223766888533507,1,0,2,0,"PPM-sat","edge"
0.968696261340775,3.91929144220072,2,0,1,0,"PPM-sat","edge"
0.954735878172235,0.429979641965416,1,0,2,0,"PPM-sat","edge"
0.966198124232486,0.276833895587417,3,0,0,0,"PPM-sat","edge"
0.961745500355544,3.20056061026283,2,1,0,0,"PPM-sat","edge"
0.973238249870294,0.934756665600367,2,0,1,0,"PPM-sat","edge"
0.842018769134746,4.56952624360578,2,1,0,0,"PPM-sat","edge"
0.98696717847104,0.219236784294798,1,0,2,0,"PPM-sat","edge"
0.977158894352867,1.89667026599976,1,0,2,0,"PPM-sat","edge"
0.983267539802041,1.96209650849077,2,1,0,0,"PPM-sat","edge"
0.967354766459106,196.967943844655,0,1,0,2,"PPM-sat","edge"
0.97002912720234,0.266131507758282,2,0,1,0,"PPM-sat","edge"
0.97829521901694,1.1177185064558,0,0,2,1,"PPM-sat","edge"
0.979538119166147,0.305127552241907,1,0,0,2,"PPM-sat","edge"
0.946349339204233,10.3162156902964,2,1,0,0,"PPM-sat","edge"
0.959981487496713,0.866586389390126,2,0,1,0,"PPM-sat","edge"
0.970508678615857,0.935603464512223,1,0,1,1,"PPM-sat","edge"
0.97511601626525,0.372390625527449,1,1,0,1,"PPM-sat","edge"
0.988073778713722,0.808514525153048,1,1,0,1,"PPM-sat","edge"
0.984932791278245,0.919422629269782,1,0,2,0,"PPM-sat","edge"
0.959321468941487,1.0070509049927,2,0,1,0,"PPM-sat","edge"
0.979334981192455,31.8326699840289,2,0,0,1,"PPM-sat","edge"
0.949752658100923,0.611101864369342,2,0,0,1,"PPM-sat","edge"
0.987492101163741,1.22272287286391,2,0,0,1,"PPM-sat","edge"
0.963594862582961,129.414741930093,0,2,0,1,"PPM-sat","edge"
0.972862493788726,0.0677016512525537,0,0,2,1,"PPM-sat","edge"
0.956125199681284,6.6903321047222,2,0,0,1,"PPM-sat","edge"
0.652109766703113,17.3103644629298,1,2,0,0,"PPM-sat","edge"
0.979622417871784,25.7730938920181,2,0,0,1,"PPM-sat","edge"
0.612278552171011,7.18774250280346,1,1,1,0,"PPM-sat","edge"
0.97983618167901,0.962193166607034,2,0,0,1,"PPM-sat","edge"
0.967520385636371,0.775874184724548,2,1,0,0,"PPM-sat","edge"
0.983857197985337,4.96394293074063,2,0,0,1,"PPM-sat","edge"
0.961176837606243,0.0267290281434446,1,1,1,0,"PPM-sat","edge"
0.788317049778401,9.78237249727098,0,1,1,1,"PPM-sat","edge"
0.923324558825409,5.53918891235557,0,2,0,1,"PPM-sat","edge"
0.969604398938169,2.99721630696344,0,2,0,1,"PPM-sat","edge"
0.97612077208138,2.54393341394882,2,1,0,0,"PPM-sat","edge"
0.866517045579182,170.936268909713,1,1,0,1,"PPM-sat","edge"
0.981081215901718,28.6948126771665,2,1,0,0,"PPM-sat","edge"
0.960896334397729,0.390770501555064,2,0,1,0,"PPM-sat","edge"
0.959472190766123,11.1433685628555,2,1,0,0,"PPM-sat","edge"
0.969672987986416,0.34566296528692,1,0,2,0,"PPM-sat","edge"
0.980267937334502,0.664937116214556,2,0,1,0,"PPM-sat","edge"
0.89816807256226,7.4574991860722,0,1,0,2,"PPM-sat","edge"
0.982080710866532,0.110901096751293,2,0,0,1,"PPM-sat","edge"
0.898728341125627,5.95407799399801,1,2,0,0,"PPM-sat","edge"
0.921233615832575,7314.4021154875,1,1,1,0,"PPM-sat","edge"
0.60852026541444,10.8883085210564,1,0,1,1,"PPM-sat","edge"
0.982442971298312,0.696241278150808,2,0,1,0,"PPM-sat","edge"
0.982104351114813,0.264198663601225,2,0,1,0,"PPM-sat","edge"
0.977588629370085,0.303441833547553,3,0,0,0,"PPM-sat","edge"
0.985842551627143,0.0603333128702515,2,0,1,0,"PPM-sat","edge"
0.822431728730583,79.3068988545824,0,1,0,2,"PPM-sat","edge"
0.983073475305781,0.950616224666645,1,0,1,1,"PPM-sat","edge"
0.973764369014343,0.0339591014940406,0,1,2,0,"PPM-sat","edge"
0.982624942198397,0.481733857364385,0,2,0,1,"PPM-sat","edge"
0.967831254759646,6.62335160524834,2,0,0,1,"PPM-sat","edge"
0.915262441858261,2686.4759149165,1,1,1,0,"PPM-sat","edge"
0.982860800141853,73.2980258816848,1,0,1,1,"PPM-sat","edge"
0.988034023196052,0.332577680802871,1,1,0,1,"PPM-sat","edge"
0.976745625884592,0.109882390565582,0,1,2,0,"PPM-sat","edge"
0.916328298082168,401.230371884115,0,1,1,1,"PPM-sat","edge"
0.912637176180257,3.65769613645651,1,1,1,0,"PPM-sat","edge"
0.976111984354723,2.37634492519902,2,0,1,0,"PPM-sat","edge"
0.992463469146013,21.9073672850475,1,0,1,1,"PPM-sat","edge"
0.973377460162346,6.30366044231084,1,1,0,1,"PPM-sat","edge"
0.975707039337246,0.0308353486447613,0,0,2,1,"PPM-sat","edge"
0.952153428301318,1.0432676285259,2,1,0,0,"PPM-sat","edge"
0.959101549614335,507.699392139563,2,1,0,0,"PPM-sat","edge"
0.983841371227893,8.19936212794168,1,0,0,2,"PPM-sat","edge"
0.989423292873352,0.841900964553397,1,1,1,0,"PPM-sat","edge"
0.957722601235167,55.2263337948974,1,0,1,1,"PPM-sat","edge"
0.822037965005282,225.19929065258,0,0,0,3,"PPM-sat","edge"
0.988264293333181,2.7483329994683,2,0,0,1,"PPM-sat","edge"
0.972255255676186,0.706552347910363,2,1,0,0,"PPM-sat","edge"
0.953875083950476,0.397348852904826,3,0,0,0,"PPM-sat","edge"
0.984098938436675,0.14806164075556,1,0,1,1,"PPM-sat","edge"
0.976910132871076,1.6749904595707,2,0,1,0,"PPM-sat","edge"
0.990449599850082,3.90629649385869,2,0,0,1,"PPM-sat","edge"
0.976875795624004,5.48807957191972,1,0,2,0,"PPM-sat","edge"
0.943695487321288,0.463884477586899,2,0,0,1,"PPM-sat","edge"
0.97336371108551,2.37286609771219,2,1,0,0,"PPM-sat","edge"
0.962782736641091,7.24938184323815,1,0,2,0,"PPM-sat","edge"
0.98297109381337,0.48541262582971,1,1,0,1,"PPM-sat","edge"
0.965106424544191,3.86363834515229,0,2,0,1,"PPM-sat","edge"
0.948035997137095,22.3050884766502,1,1,0,1,"PPM-sat","edge"
0.98712642686568,0.0795845610247115,2,0,1,0,"PPM-sat","edge"
0.984923862920764,1.1980603821769,1,0,2,0,"PPM-sat","edge"
0.974447218777363,1.5532715178682,2,0,0,1,"PPM-sat","edge"
0.959094980278822,2.44608683650725,2,0,1,0,"PPM-sat","edge"
0.980776824339843,2.71243000928926,0,1,1,1,"PPM-sat","edge"
0.953234611807629,2.53889983942463,1,0,1,1,"PPM-sat","edge"
0.923188792536444,38.0403914801341,0,2,0,1,"PPM-sat","edge"
0.976703300812945,73.2852553962152,3,0,0,0,"PPM-sat","edge"
0.977546279526526,56.8939290461625,1,1,0,1,"PPM-sat","edge"
0.791488547264586,49.4638857293406,2,0,0,1,"PPM-sat","edge"
0.981512318987087,434.036074724155,1,0,1,1,"PPM-sat","edge"
0.974323439569221,0.456295905406644,1,0,1,1,"PPM-sat","edge"
0.832908109493121,8.72830263113659,2,1,0,0,"PPM-sat","edge"
0.980319225060623,2.37359997168496,2,0,1,0,"PPM-sat","edge"
0.976438542636994,0.371260223078157,1,1,0,1,"PPM-sat","edge"
0.946464299465113,4.15369762338239,1,0,0,2,"PPM-sat","edge"
0.750194980578773,348.851105616133,1,1,1,0,"PPM-sat","edge"
0.9834191102832,7.77270418577508,0,0,2,1,"PPM-sat","edge"
0.913081656538049,27046.3183022105,0,1,2,0,"PPM-sat","edge"
0.960495260494277,7.48187162584719,0,0,2,1,"PPM-sat","edge"
0.972485841706342,1.57532824937949,1,0,0,2,"PPM-sat","edge"
0.907899287085297,141.638591129065,0,2,0,1,"PPM-sat","edge"
0.825772148848203,130.42690550379,1,2,0,0,"PPM-sat","edge"
0.898453925909837,1714.21343755324,0,2,1,0,"PPM-sat","edge"
0.932593875028928,56.9764295264796,0,2,1,0,"PPM-sat","edge"
0.984883311060836,1.36655672672179,1,0,1,1,"PPM-sat","edge"
0.952981103087649,245.805904522924,1,2,0,0,"PPM-sat","edge"
0.94578351726026,5.28130271998464,1,1,0,1,"PPM-sat","edge"
0.939928966157734,3.2136051103386,0,0,1,2,"PPM-sat","edge"
0.699477335652968,9.8593452444694,0,0,1,2,"PPM-sat","edge"
0.975817987693303,18.4108789261916,1,2,0,0,"PPM-sat","edge"
0.761692521130944,285.811436957182,1,0,1,1,"PPM-sat","edge"
0.980411607182878,0.0470072673653806,0,2,1,0,"PPM-sat","edge"
0.916829453078987,587.120180473999,0,1,2,0,"PPM-sat","edge"
0.984105625312158,0.27851288099382,1,1,1,0,"PPM-sat","edge"
0.830561694779164,30.0445740305412,1,1,1,0,"PPM-sat","edge"
0.957090189445386,9.72395437815704,2,1,0,0,"PPM-sat","edge"
0.790290324870276,9.1458609139942,0,1,1,1,"PPM-sat","edge"
0.816096131904141,8.91955046013982,0,1,0,2,"PPM-sat","edge"
0.930524010944495,4.27363166810828,1,0,1,1,"PPM-sat","edge"
0.987535665731113,112.645957323487,2,1,0,0,"PPM-sat","edge"
0.888485851760443,6.87639243113706,0,2,0,1,"PPM-sat","edge"
0.972163019169769,0.984934077254632,1,0,2,0,"PPM-sat","edge"
0.985746464886812,4.21729039788378,1,1,1,0,"PPM-sat","edge"
0.965364522499357,22.0596035794094,2,0,1,0,"PPM-sat","edge"
0.9404468728417,58.6051904138608,1,1,1,0,"PPM-sat","edge"
0.964946293018007,3077.94721167899,1,1,0,1,"PPM-sat","edge"
0.708247956779828,190.743812668039,2,1,0,0,"PPM-sat","edge"
0.950978244368134,0.901588095719133,1,0,0,2,"PPM-sat","edge"
0.826485787331833,10.5571005047648,0,1,1,1,"PPM-sat","edge"
0.968643638092951,1.31171429124249,3,0,0,0,"PPM-sat","edge"
0.943425775054984,10.5866670293769,2,0,1,0,"PPM-sat","edge"
0.949610538458409,11.4161542619127,1,0,1,1,"PPM-sat","edge"
0.882063883419545,5.04767874921057,1,1,0,1,"PPM-sat","edge"
0.940820268871899,5.93291007804643,1,1,1,0,"PPM-sat","edge"
0.974554533543604,5.14017150919809,1,0,2,0,"PPM-sat","edge"
0.6649367467152,523.996211569463,1,1,0,1,"PPM-sat","edge"
0.889337130566488,4.39317889179954,0,2,0,1,"PPM-sat","edge"
0.96323301319169,3.08513195071362,0,1,1,1,"PPM-sat","edge"
0.922274900563686,636.383087095572,0,2,0,1,"PPM-sat","edge"
0.925647727044674,116.452324201118,2,0,0,1,"PPM-sat","edge"
0.976956828187237,10.8281424794586,1,1,0,1,"PPM-sat","edge"
0.955913430943965,0.95086285143136,1,1,0,1,"PPM-sat","edge"
0.98101995910166,0.65082710906178,1,0,1,1,"PPM-sat","edge"
0.972929478259753,0.729654593511967,2,0,0,1,"PPM-sat","edge"
0.325179052717528,35389.5882597957,2,1,0,0,"PPM-sat","edge"
0.722016711540742,792.219694699385,0,1,2,0,"PPM-sat","edge"
0.97314353254007,1.49146027200229,1,0,2,0,"PPM-sat","edge"
0.955255404371906,6.10208327577902,0,0,3,0,"PPM-sat","edge"
0.954590918067775,0.269473853322759,3,0,0,0,"PPM-sat","edge"
0.9707980511759,0.729967175964275,1,1,1,0,"PPM-sat","edge"
0.986166080613912,10.3797278368572,1,1,0,1,"PPM-sat","edge"
0.990216486765386,0.606137431606799,1,1,1,0,"PPM-sat","edge"
0.990799307784619,3.12527735955365,2,0,0,1,"PPM-sat","edge"
0.846766906488212,49.2498454089857,0,1,1,1,"PPM-sat","edge"
0.966530210024585,19.4477048584009,3,0,0,0,"PPM-sat","edge"
0.97208195847309,1.46894925146275,2,0,1,0,"PPM-sat","edge"
0.94576395992198,1.69744075549701,1,0,1,1,"PPM-sat","edge"
0.980585489509031,0.653313552861591,2,0,1,0,"PPM-sat","edge"
0.976499447479091,1.24590406427614,2,0,1,0,"PPM-sat","edge"
0.960928729993745,0.754632009234176,1,0,1,1,"PPM-sat","edge"
0.975037455903618,8.73993733691947,2,0,1,0,"PPM-sat","edge"
0.990261447589475,3.57389454111697,3,0,0,0,"PPM-sat","edge"
0.980995958360393,1.31329588778237,3,0,0,0,"PPM-sat","edge"
0.980051342827193,3.53096013870313,2,0,1,0,"PPM-sat","edge"
0.604477790496326,1063.36227260587,0,3,0,0,"PPM-sat","edge"
0.813218551779049,15.1897573002726,1,1,0,1,"PPM-sat","edge"
0.9842077513852,0.0457991678415831,1,1,0,1,"PPM-sat","edge"
0.986289471585123,0.505616031629477,1,0,2,0,"PPM-sat","edge"
0.976524133896196,15.1229877657771,1,0,1,1,"PPM-sat","edge"
0.950049783572739,10.8074814892346,0,1,1,1,"PPM-sat","edge"
0.972320960787197,0.606462875316656,2,0,1,0,"PPM-sat","edge"
0.970377501912134,0.253575650519524,2,1,0,0,"PPM-sat","edge"
0.962066061460971,1.61471606515106,1,1,1,0,"PPM-sat","edge"
0.973216764427143,0.495512032372014,1,0,1,1,"PPM-sat","edge"
0.971916753921284,1.75669820483872,0,1,0,2,"PPM-sat","edge"
0.95637662367157,6.64118349033036,0,1,1,1,"PPM-sat","edge"
0.885610547028829,36.684007808732,1,0,1,1,"PPM-sat","edge"
0.971347373453151,0.329052408356933,2,0,1,0,"PPM-sat","edge"
0.968135240977984,0.279634895879161,2,0,1,0,"PPM-sat","edge"
0.904248088562442,2.91393011842356,2,1,0,0,"PPM-sat","edge"
0.888762334263804,3.64067428352715,1,1,1,0,"PPM-sat","edge"
0.982874636706896,5.86191050040853,0,0,3,0,"PPM-sat","edge"
0.961284614309534,2.26381336558869,1,0,1,1,"PPM-sat","edge"
0.964107580630487,68.6891971797638,0,1,1,1,"PPM-sat","edge"
0.932525103688209,17.4761514346968,1,2,0,0,"PPM-sat","edge"
0.98454431265469,1.39879659909048,0,1,0,2,"PPM-sat","edge"
0.866024987398301,104.29686655895,1,0,0,2,"PPM-sat","edge"
0.980245726264638,0.979963910789932,3,0,0,0,"PPM-sat","edge"
0.949122950963903,3.41189578582505,2,1,0,0,"PPM-sat","edge"
0.989174634573868,1.13595156869402,1,0,1,1,"PPM-sat","edge"
0.92983387578834,37.024021358092,0,1,0,2,"PPM-sat","edge"
0.957554394032898,1.36903822749566,2,0,1,0,"PPM-sat","edge"
0.722209577199479,5752.60748164,1,1,1,0,"PPM-sat","edge"
0.978622816575287,16.639713489986,0,0,1,2,"PPM-sat","edge"
0.978596525272788,1.08770658118553,2,0,1,0,"PPM-sat","edge"
0.972686878125872,0.752850925481836,2,1,0,0,"PPM-sat","edge"
0.98609753184707,3.55293735464874,1,1,1,0,"PPM-sat","edge"
0.971184489770856,0.306630925427828,2,1,0,0,"PPM-sat","edge"
0.964965782343295,2.67828793286742,2,0,1,0,"PPM-sat","edge"
0.975441628698749,140.936946972256,0,2,1,0,"PPM-sat","edge"
0.960290769952784,0.53624410671227,3,0,0,0,"PPM-sat","edge"
0.971622231715577,3.10419068274681,1,0,2,0,"PPM-sat","edge"
0.979311616976148,0.435463655044507,2,1,0,0,"PPM-sat","edge"
0.860575171954681,245.501896977511,0,1,1,1,"PPM-sat","edge"
0.962975234447399,26.9423194225309,1,0,1,1,"PPM-sat","edge"
0.994020601864644,3.94203489671726,1,1,1,0,"PPM-sat","edge"
0.98228119857254,0.54633743771422,2,1,0,0,"PPM-sat","edge"
0.98888214104481,2.70547663251582,2,0,0,1,"PPM-sat","edge"
0.952306974963156,3.37171269216481,1,0,0,2,"PPM-sat","edge"
0.948399153452815,2.10592115206724,1,2,0,0,"PPM-sat","edge"
0.967939613060561,8.78813850210797,1,0,1,1,"PPM-sat","edge"
0.955668454521641,0.461100993916188,2,0,1,0,"PPM-sat","edge"
0.980964716835043,0.609377939795171,1,2,0,0,"PPM-sat","edge"
0.974987606047279,35.9056146389026,1,2,0,0,"PPM-sat","edge"
0.950560163327588,160.687496479767,2,0,0,1,"PPM-sat","edge"
0.873940142838542,3.70002885601917,1,1,0,1,"PPM-sat","edge"
0.932811188524981,165061463.780375,1,2,0,0,"PPM-sat","edge"
0.980798996354657,0.282889039984041,2,0,0,1,"PPM-sat","edge"
0.976066034048567,4.39588115636301,1,0,2,0,"PPM-sat","edge"
0.964551317981771,0.643383027799433,3,0,0,0,"PPM-sat","edge"
0.978931346481329,0.100016519156436,1,2,0,0,"PPM-sat","edge"
0.974271473037367,0.734270111534491,2,0,0,1,"PPM-sat","edge"
0.766856363823162,41.8031460693831,0,2,1,0,"PPM-sat","edge"
0.968251483312148,0.146115404520018,2,1,0,0,"PPM-sat","edge"
0.968348363215998,14.9621603801262,1,1,0,1,"PPM-sat","edge"
0.956347968967189,0.166924343941541,2,1,0,0,"PPM-sat","edge"
0.958679695611618,4.02923507959364,2,0,0,1,"PPM-sat","edge"
0.976676713572753,2.51511514290494,2,0,0,1,"PPM-sat","edge"
0.975545487017085,0.261102591200325,1,0,2,0,"PPM-sat","edge"
0.975718614830681,0.485448558381625,0,2,1,0,"PPM-sat","edge"
0.505920671597602,24.2649615249972,0,1,0,2,"PPM-sat","edge"
0.981508650685732,75.6400055065353,1,1,0,1,"PPM-sat","edge"
0.989453389398668,17.5453137150332,1,0,1,1,"PPM-sat","edge"
0.984058283416539,1.33267359815813,2,0,1,0,"PPM-sat","edge"
0.963552231891613,26.9023541395746,0,1,2,0,"PPM-sat","edge"
0.982417492674846,6.42514977869722,1,1,0,1,"PPM-sat","edge"
0.843329679097931,36.9033887630741,1,1,1,0,"PPM-sat","edge"
0.888321040895483,1464.19909350678,1,1,0,1,"PPM-sat","edge"
0.979592025508928,2.83760938374924,2,1,0,0,"PPM-sat","edge"
0.986309537444826,1.28923785637967,2,0,1,0,"PPM-sat","edge"
0.986843485427842,2.59800825521851,2,0,1,0,"PPM-sat","edge"
0.986467047152289,91.3524064066859,2,0,0,1,"PPM-sat","edge"
0.965896784008232,2.06993346950249,2,1,0,0,"PPM-sat","edge"
0.871367254991547,7.70333110441529,0,1,1,1,"PPM-sat","edge"
0.974898097640945,0.271244834263079,2,0,1,0,"PPM-sat","edge"
0.968939301147495,62.8206424659167,1,1,0,1,"PPM-sat","edge"
0.980508499154426,0.302213815658965,1,0,1,1,"PPM-sat","edge"
0.987778813247174,1.55109736511302,1,1,1,0,"PPM-sat","edge"
0.964214580761741,1.5281387673902,1,1,1,0,"PPM-sat","edge"
0.604988878003498,3.57883253288503,1,1,1,0,"PPM-sat","edge"
0.98538352922699,0.581898718522293,1,2,0,0,"PPM-sat","edge"
0.96971343552297,0.245080777379041,2,0,0,1,"PPM-sat","edge"
0.969757191685203,1.39431700916412,1,1,0,1,"PPM-sat","edge"
0.968268134320549,3.48258118676483,2,0,0,1,"PPM-sat","edge"
0.9801603263877,5.66926808558105,3,0,0,0,"PPM-sat","edge"
0.972824148161675,1.70310897247459,1,0,1,1,"PPM-sat","edge"
0.983177942118091,0.532151390274083,1,1,0,1,"PPM-sat","edge"
0.952568725279939,9.76139133923145,0,1,1,1,"PPM-sat","edge"
0.886925335526258,480.981651612379,1,1,0,1,"PPM-sat","edge"
0.955157917261798,1.94603399493923,1,0,0,2,"PPM-sat","edge"
0.977136038756579,47.5198385525927,1,0,1,1,"PPM-sat","edge"
0.941079013759299,0.717548997772888,2,1,0,0,"PPM-sat","edge"
0.976634386276338,0.233545146581746,1,1,0,1,"PPM-sat","edge"
0.930945850961116,2.42174329381449,1,1,0,1,"PPM-sat","edge"
0.96478545764223,45.3573790385599,0,1,1,1,"PPM-sat","edge"
0.767312870717058,47.165464925664,0,2,0,1,"PPM-sat","edge"
0.944900381902232,1.86631910598108,2,1,0,0,"PPM-sat","edge"
0.971934898346225,0.230123810036827,2,1,0,0,"PPM-sat","edge"
0.973713650440066,17.5379776094737,2,1,0,0,"PPM-sat","edge"
0.985999316221686,6.96744883380617,1,0,1,1,"PPM-sat","edge"
0.484889651825383,68.3150416908993,1,0,1,1,"PPM-sat","edge"
0.985773033171079,0.648839004558027,2,0,0,1,"PPM-sat","edge"
0.969296984496386,0.666507696445767,2,0,1,0,"PPM-sat","edge"
0.965574969041698,0.695253686829273,3,0,0,0,"PPM-sat","edge"
0.971052584384572,28.8592268723866,2,1,0,0,"PPM-sat","edge"
0.924556755566709,5.88398065872889,0,1,2,0,"PPM-sat","edge"
0.996665852806962,0.593907378048999,0,2,1,0,"PPM-sat","edge"
0.972988757980366,1.84294625143131,0,1,0,2,"PPM-sat","edge"
0.987662520103588,0.616818200314106,0,1,1,1,"PPM-sat","edge"
0.928800980867496,4.28134885710769,1,2,0,0,"PPM-sat","edge"
0.936911060590588,30.0613616687274,2,1,0,0,"PPM-sat","edge"
0.973198225739723,2.12713140187666,0,1,1,1,"PPM-sat","edge"
0.985449815608496,0.139348069593849,0,0,1,2,"PPM-sat","edge"
0.985732743356722,5.65082426677646,0,2,1,0,"PPM-sat","edge"
0.837936724091805,15.8868447531961,1,1,0,1,"PPM-sat","edge"
0.982157870012375,0.32114744792765,2,0,1,0,"PPM-sat","edge"
0.865641921843755,103.3779482812,1,1,0,1,"PPM-sat","edge"
0.980357491113358,22.9307904646238,1,1,1,0,"PPM-sat","edge"
0.981440644709631,0.380739018541605,2,0,0,1,"PPM-sat","edge"
0.89637220315392,28.8577312528103,1,2,0,0,"PPM-sat","edge"
0.981048256660469,0.311430482233164,3,0,0,0,"PPM-sat","edge"
0.984758136883124,4.82336775898444,0,2,0,1,"PPM-sat","edge"
0.924358851386144,5.20525450130462,0,1,1,1,"PPM-sat","edge"
0.630030078859517,9.41817804104548,1,0,0,2,"PPM-sat","edge"
0.946078254975957,2.30090588855786,0,1,0,2,"PPM-sat","edge"
0.984038016752461,0.199249476420517,2,1,0,0,"PPM-sat","edge"
0.992180717273096,229.225141193312,0,1,1,1,"PPM-sat","edge"
0.967642333919953,0.619090199588207,1,1,1,0,"PPM-sat","edge"
0.765412711787438,55742.4984310392,1,0,0,2,"PPM-sat","edge"
0.980741062024382,340.753513283641,0,1,1,1,"PPM-sat","edge"
0.984163318858594,0.0985709806422255,0,0,3,0,"PPM-sat","edge"
0.96877405628436,5.73761458965079,2,1,0,0,"PPM-sat","edge"
0.920582210671741,2.19996417115527,1,2,0,0,"PPM-sat","edge"
0.978144908230365,63.8982900999204,1,0,1,1,"PPM-sat","edge"
0.957816754953208,9.34817524256319,1,0,2,0,"PPM-sat","edge"
0.940188729541939,0.677846098928634,0,1,0,2,"PPM-sat","edge"
0.991129635299943,4.135990442116,0,0,2,1,"PPM-sat","edge"
0.985064360436347,3.17557764644372,2,0,0,1,"PPM-sat","edge"
0.921146903252072,649.071381900353,0,1,2,0,"PPM-sat","edge"
0.974122558569356,346.736246184373,0,0,0,3,"PPM-sat","edge"
0.876810945533888,10.2155399612378,1,0,1,1,"PPM-sat","edge"
0.969047641158957,0.801023433196439,2,1,0,0,"PPM-sat","edge"
0.962313838394316,70.5037769099135,2,0,1,0,"PPM-sat","edge"
0.980564357491083,52548.1084139783,2,0,1,0,"PPM-sat","edge"
0.851690409536902,6.76593062027949,1,0,1,1,"PPM-sat","edge"
0.951299240783851,30.7216759348134,1,0,1,1,"PPM-sat","edge"
0.930244534982998,72.6764489516421,0,1,1,1,"PPM-sat","edge"
0.979333987551297,0.212557879581421,1,0,1,1,"PPM-sat","edge"
0.859515864664296,298.251154280043,1,0,1,1,"PPM-sat","edge"
0.952430761546925,23.0236329939218,2,1,0,0,"PPM-sat","edge"
0.955027478851426,7.67415488664779,0,0,1,2,"PPM-sat","edge"
0.813304512596748,6.04563790432602,0,1,1,1,"PPM-sat","edge"
0.750999294380615,16.3593066442759,0,1,1,1,"PPM-sat","edge"
0.98038833638007,0.286960847194365,1,1,0,1,"PPM-sat","edge"
0.991796220983244,0.466095269316687,3,0,0,0,"PPM-sat","edge"
0.967622186333681,0.339217390930705,1,0,1,1,"PPM-sat","edge"
0.971655334520129,1146.22286768007,0,1,2,0,"PPM-sat","edge"
0.974231646043268,75.1993167048631,1,2,0,0,"PPM-sat","edge"
0.977643763206713,0.690425682749816,2,0,0,1,"PPM-sat","edge"
0.620765946250302,7.86024577371269,1,2,0,0,"PPM-sat","edge"
0.949742121869983,7.87467428645867,1,0,2,0,"PPM-sat","edge"
0.951784084186271,0.252147318713852,1,1,1,0,"PPM-sat","edge"
0.976743968007444,6724.37381713773,2,0,0,1,"PPM-sat","edge"
0.873884077668264,263.81265588864,1,0,0,2,"PPM-sat","edge"
0.958311223287201,2.55578796692,0,2,0,1,"PPM-sat","edge"
0.98729710027461,0.319370071105338,3,0,0,0,"PPM-sat","edge"
0.964579236867988,13.7974227970743,1,0,1,1,"PPM-sat","edge"
0.983463094812406,0.408222274010925,3,0,0,0,"PPM-sat","edge"
0.600557413808881,6.46201782384723,1,1,0,1,"PPM-sat","edge"
0.957896427996103,1.52918634095864,2,1,0,0,"PPM-sat","edge"
0.971823533208919,30.3828567964492,2,0,0,1,"PPM-sat","edge"
0.975308530214902,29.9499853612734,2,1,0,0,"PPM-sat","edge"
0.982810864138964,0.106434805412795,2,0,1,0,"PPM-sat","edge"
0.970069172366351,0.159613009340518,1,0,2,0,"PPM-sat","edge"
0.953745000887591,5202.81457411092,0,0,1,2,"PPM-sat","edge"
0.913783200471539,6.49739031989528,3,0,0,0,"PPM-sat","edge"
0.837902189314904,3.57781222434667,2,1,0,0,"PPM-sat","edge"
0.917052224784662,10.2416539272748,0,3,0,0,"PPM-sat","edge"
0.706283481912281,86.9892120408721,1,0,1,1,"PPM-sat","edge"
0.978395311976713,0.635160413639315,3,0,0,0,"PPM-sat","edge"
0.804141386442128,11.4703760861625,1,2,0,0,"PPM-sat","edge"
0.969399682882348,0.134305616877937,1,0,2,0,"PPM-sat","edge"
0.847341011739256,20.5817015069243,1,0,1,1,"PPM-sat","edge"
0.974450875103061,0.122261890202742,3,0,0,0,"PPM-sat","edge"
0.956470267635103,0.67480566837309,1,1,0,1,"PPM-sat","edge"
0.972997414555757,78.2193658440317,1,1,1,0,"PPM-sat","edge"
0.81692785200244,7.79181907834989,1,1,1,0,"PPM-sat","edge"
0.984960862345195,0.339529760269248,2,0,1,0,"PPM-sat","edge"
0.985824126848647,2.64957885326545,1,0,1,1,"PPM-sat","edge"
0.982931968887921,0.733828811123716,2,1,0,0,"PPM-sat","edge"
0.969349439622542,8.02737022762736,0,0,2,1,"PPM-sat","edge"
0.971321856134356,1.21369300142259,1,0,2,0,"PPM-sat","edge"
0.983013400208867,7.20480604762437,1,0,0,2,"PPM-sat","edge"
0.986271318831194,497.194635144257,1,2,0,0,"PPM-sat","edge"
0.95627138123036,1.91388561756301,0,1,1,1,"PPM-sat","edge"
0.954351109000889,18526.1443666643,2,1,0,0,"PPM-sat","edge"
0.863320786854843,1261.88200088324,2,1,0,0,"PPM-sat","edge"
0.829222785886173,137.245756918777,1,1,0,1,"PPM-sat","edge"
0.982272969784897,1.05469117915994,1,2,0,0,"PPM-sat","edge"
0.974543530562555,5.31929730359963,1,0,1,1,"PPM-sat","edge"
0.96928023446601,0.251947107852707,1,0,0,2,"PPM-sat","edge"
0.969518840678945,0.250629818002613,1,0,2,0,"PPM-sat","edge"
0.983089363117207,0.687685455009582,2,0,1,0,"PPM-sat","edge"
0.988152021459008,1.12938448097822,1,1,1,0,"PPM-sat","edge"
0.985860272987758,333.957044276107,1,2,0,0,"PPM-sat","edge"
0.970625154384698,296.748215941056,0,1,2,0,"PPM-sat","edge"
0.842456148941439,112.823797699021,1,1,1,0,"PPM-sat","edge"
0.979456958142792,2090.30360388749,2,0,0,1,"PPM-sat","edge"
0.76240413260256,79.0872985059341,1,1,1,0,"PPM-sat","edge"
0.982594100930778,0.228083180007285,1,0,1,1,"PPM-sat","edge"
0.899483610665972,26.7272502829937,1,1,1,0,"PPM-sat","edge"
0.965528538384875,0.779470728861724,1,0,1,1,"PPM-sat","edge"
0.964437392142852,0.139105278151698,2,0,1,0,"PPM-sat","edge"
0.943045920697011,94.4852874957273,1,2,0,0,"PPM-sat","edge"
0.93663526443613,335.614907295576,1,0,0,2,"PPM-sat","edge"
0.985125049168785,0.756461562718669,2,0,0,1,"PPM-sat","edge"
0.760423506322209,43.4564756123623,2,0,0,1,"PPM-sat","edge"
0.96739069912767,162.374589180946,1,1,0,1,"PPM-sat","edge"
0.903515509320411,2.48053767347663,1,1,1,0,"PPM-sat","edge"
0.83420070037302,23.1089057541479,2,1,0,0,"PPM-sat","edge"
0.950076911838114,4.10514370636565,2,0,0,1,"PPM-sat","edge"
0.888694857279887,20.5265491452474,1,2,0,0,"PPM-sat","edge"
0.881778364222655,4.75845404953836,1,0,0,2,"PPM-sat","edge"
0.970705634934142,0.730778403242051,2,0,0,1,"PPM-sat","edge"
0.985017341661185,0.575015482780118,2,0,1,0,"PPM-sat","edge"
0.951255873270884,14.6599078607038,0,0,1,2,"PPM-sat","edge"
0.865548770464771,30.5016605648843,0,0,1,2,"PPM-sat","edge"
0.98742303766319,49.3990283445861,1,2,0,0,"PPM-sat","edge"
0.808223294783088,6.24325628645353,1,2,0,0,"PPM-sat","edge"
0.989017550480879,0.506257393145117,1,2,0,0,"PPM-sat","edge"
0.799705038803067,340.088885336526,0,1,0,2,"PPM-sat","edge"
0.985536994561048,0.0250669991313694,1,0,1,1,"PPM-sat","edge"
0.973866035437999,17.4314607724615,2,1,0,0,"PPM-sat","edge"
0.977964700281721,0.631542399103925,2,0,1,0,"PPM-sat","edge"
0.968998935599672,0.658988922487782,1,0,2,0,"PPM-sat","edge"
0.970456733316532,2.52163878658473,1,0,1,1,"PPM-sat","edge"
0.981576908349258,0.0184500414370415,2,0,1,0,"PPM-sat","edge"
0.980131492994147,0.0816953535507258,2,0,1,0,"PPM-sat","edge"
0.979485058128425,13.6452218629398,2,0,0,1,"PPM-sat","edge"
0.821803799176075,224.759627475713,2,0,0,1,"PPM-sat","edge"
0.974588112878083,2.5384481935605,0,0,3,0,"PPM-sat","edge"
0.915696330893007,10.5338556552003,1,0,1,1,"PPM-sat","edge"
0.971472149365902,5.88502642239943,1,1,1,0,"PPM-sat","edge"
0.969846759976747,7.5397306830473,1,0,1,1,"PPM-sat","edge"
0.950749488648039,0.972927281028115,2,0,1,0,"PPM-sat","edge"
0.980244367554362,2.21732102924639,0,1,1,1,"PPM-sat","edge"
0.917578207486733,11299.3796449375,0,1,2,0,"PPM-sat","edge"
0.980396524418469,0.178886802344794,1,0,0,2,"PPM-sat","edge"
0.976077098852945,1.11019605483183,1,0,2,0,"PPM-sat","edge"
0.980803587577097,4.15861890165872,1,0,0,2,"PPM-sat","edge"
0.950196418148677,1033.94087101093,1,1,1,0,"PPM-sat","edge"
0.961529485089748,0.686442642501124,1,1,0,1,"PPM-sat","edge"
0.9573282278791,1032.37195077765,0,1,1,1,"PPM-sat","edge"
0.969378688981578,4.68245456480019,1,1,1,0,"PPM-sat","edge"
0.970532660941457,0.376074659032934,2,0,0,1,"PPM-sat","edge"
0.976226758505739,0.766841735159862,1,0,0,2,"PPM-sat","edge"
0.82652160128988,63.7749695124556,0,1,0,2,"PPM-sat","edge"
0.966744682363837,0.258444756040999,1,0,0,2,"PPM-sat","edge"
0.958315208412857,2.19707342064518,2,0,0,1,"PPM-sat","edge"
0.959749363348829,0.242520191134394,2,0,0,1,"PPM-sat","edge"
0.972781984329401,1.08214799895778,1,0,2,0,"PPM-sat","edge"
0.969107436759328,0.3152919035395,0,0,2,1,"PPM-sat","edge"
0.973641679401882,0.202241623604466,2,0,1,0,"PPM-sat","edge"
0.771715042187559,3.36300716498131,1,0,0,2,"PPM-sat","edge"
0.993771388901893,0.455337598956037,2,0,1,0,"PPM-sat","edge"
0.980516251052717,9.19081162700674,2,0,1,0,"PPM-sat","edge"
0.97685011085345,18.6202810014488,2,1,0,0,"PPM-sat","edge"
0.757960034689955,9.32003768065954,0,0,2,1,"PPM-sat","edge"
0.96130032575093,5.3820437821042,0,0,0,3,"PPM-sat","edge"
0.94863847890479,0.182082096626228,3,0,0,0,"PPM-sat","edge"
0.532063751375745,10.6565039271995,1,1,0,1,"PPM-sat","edge"
0.793793200296336,20.1554929646217,0,2,1,0,"PPM-sat","edge"
0.97290222055706,0.505066701355328,0,2,1,0,"PPM-sat","edge"
0.978583998865494,1.19521742511988,1,0,1,1,"PPM-sat","edge"
0.960031372004209,55.0464566625904,3,0,0,0,"PPM-sat","edge"
0.964081006686229,23.1701974188466,1,0,1,1,"PPM-sat","edge"
0.805439353039277,2106.05564696001,2,1,0,0,"PPM-sat","edge"
0.980323840510481,0.122854147754501,3,0,0,0,"PPM-sat","edge"
0.96678895775259,9.03039244956899,3,0,0,0,"PPM-sat","edge"
0.976508109977399,1.49616218437392,1,0,0,2,"PPM-sat","edge"
0.955119667406249,20.6715884997646,0,1,0,2,"PPM-sat","edge"
0.983393569479103,3.10198017580393,2,0,0,1,"PPM-sat","edge"
0.973780770171679,7.76401688769356,2,0,1,0,"PPM-sat","edge"
0.985889061710947,2245.80728043431,1,1,0,1,"PPM-sat","edge"
0.571714876140901,11.4597860311257,1,1,1,0,"PPM-sat","edge"
0.758159476180727,71.2948211155585,0,1,1,1,"PPM-sat","edge"
0.991136895241967,0.0865926756031714,2,1,0,0,"PPM-sat","edge"
0.982566977379615,18856.1894362257,1,0,1,1,"PPM-sat","edge"
0.669079599713487,9.27682686000049,1,2,0,0,"PPM-sat","edge"
0.965889609760855,75.4250387658858,0,2,0,1,"PPM-sat","edge"
0.968703275588088,5.90479400799263,1,1,0,1,"PPM-sat","edge"
0.940959811151644,4.18045627569531,0,1,1,1,"PPM-sat","edge"
0.829845859940066,4.09724092696952,0,0,1,2,"PPM-sat","edge"
0.974630137807201,4.28995843485294,1,0,1,1,"PPM-sat","edge"
0.989024171486888,0.546024199524678,1,2,0,0,"PPM-sat","edge"
0.905005324039299,2.16769232251083,0,1,0,2,"PPM-sat","edge"
0.976260159322072,0.0385301851413472,2,0,1,0,"PPM-sat","edge"
0.975556552070505,0.458782113002193,2,0,0,1,"PPM-sat","edge"
0.901736922452513,2199.66615005188,1,0,1,1,"PPM-sat","edge"
0.943559502083864,2.30401690954613,1,0,0,2,"PPM-sat","edge"
0.959361165491536,0.630041657554481,1,1,1,0,"PPM-sat","edge"
0.920174536080646,5.57014169575714,1,1,1,0,"PPM-sat","edge"
0.95690944389678,1.47161851722879,2,0,1,0,"PPM-sat","edge"
0.985855908982414,6.3732613677768,1,0,0,2,"PPM-sat","edge"
0.962636435294166,37.9835597895719,2,1,0,0,"PPM-sat","edge"
0.574256918950974,41.499271153966,0,1,0,2,"PPM-sat","edge"
0.958694273656176,0.625775107247173,1,0,0,2,"PPM-sat","edge"
0.977875524532839,0.220158320051816,1,2,0,0,"PPM-sat","edge"
0.985462634772437,0.802598844236317,1,0,1,1,"PPM-sat","edge"
0.974595384442763,3.68826398388155,1,0,2,0,"PPM-sat","edge"
0.969790049044857,1.13563428378327,0,0,1,2,"PPM-sat","edge"
0.970734424283869,4.47709922466991,2,0,1,0,"PPM-sat","edge"
0.942409541308049,103.141135157842,2,0,0,1,"PPM-sat","edge"
0.980593442497493,1.43998124830326,2,1,0,0,"PPM-sat","edge"
0.962526987698822,0.34237652479188,1,0,0,2,"PPM-sat","edge"
0.938714846286782,13.6627191847124,1,1,0,1,"PPM-sat","edge"
0.936343311813248,0.971225736711252,1,0,1,1,"PPM-sat","edge"
0.962002411367783,314.292250501101,1,0,0,2,"PPM-sat","edge"
0.987263683066446,0.829032707000467,2,1,0,0,"PPM-sat","edge"
0.934349157821477,8.14107922843207,0,2,1,0,"PPM-sat","edge"
0.85426223848418,4.6313180374231,1,1,0,1,"PPM-sat","edge"
0.984020797484133,0.750823241576696,2,0,0,1,"PPM-sat","edge"
0.981185364000898,0.635627940848094,1,1,1,0,"PPM-sat","edge"
0.588313984895751,11930.7611835388,1,0,1,1,"PPM-sat","edge"
0.974428833647293,13.2491863506297,2,0,0,1,"PPM-sat","edge"
0.983734750675483,3.45889455384735,0,0,3,0,"PPM-sat","edge"
0.962488942644093,41.471689565696,0,1,1,1,"PPM-sat","edge"
0.921673814211914,143.924392954005,1,1,1,0,"PPM-sat","edge"
0.957962296854465,229.233609224169,1,2,0,0,"PPM-sat","edge"
0.861425923309846,10.4816872509345,1,0,1,1,"PPM-sat","edge"
0.807748045323448,18.2960535402414,0,1,1,1,"PPM-sat","edge"
0.731329184344511,62087.9809844485,1,2,0,0,"PPM-sat","edge"
0.945002108336745,5.38537569835472,0,1,1,1,"PPM-sat","edge"
0.982299919878764,3.64416454520832,0,0,0,3,"PPM-sat","edge"
0.854083854548981,12.8634290086235,1,1,1,0,"PPM-sat","edge"
0.95812149268162,2.49966285321414,2,0,0,1,"PPM-sat","edge"
0.970541207053557,0.865836094352871,1,1,1,0,"PPM-sat","edge"
0.950378019862091,153.80838313129,2,1,0,0,"PPM-sat","edge"
0.948966449819679,28.105477387668,1,2,0,0,"PPM-sat","edge"
0.964035019994465,13.8647831461373,1,2,0,0,"PPM-sat","edge"
0.994891153768719,0.185200854563471,1,1,0,1,"PPM-sat","edge"
0.965178407347529,3.36053529802226,1,0,0,2,"PPM-sat","edge"
0.976878712731088,0.591960969025787,2,0,0,1,"PPM-sat","edge"
0.982900175119025,0.131163449753767,2,0,1,0,"PPM-sat","edge"
0.98157561490411,8.90426282459064,2,0,1,0,"PPM-sat","edge"
0.850404367711891,68.0045574576177,0,2,0,1,"PPM-sat","edge"
0.87347408264609,5680.22884631666,1,1,0,1,"PPM-sat","edge"
0.972593071564802,4179.95642198182,1,0,1,1,"PPM-sat","edge"
0.990036930199791,1.36581652657593,1,1,0,1,"PPM-sat","edge"
0.977151896607225,0.439653500627786,1,1,1,0,"PPM-sat","edge"
0.89018141913751,62.7741257495681,0,1,1,1,"PPM-sat","edge"
0.967585863834721,97.482813986059,0,2,1,0,"PPM-sat","edge"
0.894131795457819,2.89617834160338,1,1,1,0,"PPM-sat","edge"
0.980726503674354,0.296828020802881,3,0,0,0,"PPM-sat","edge"
0.957840707919558,2.12568506518155,1,0,0,2,"PPM-sat","edge"
0.989357000000199,1.56020266325185,1,0,2,0,"PPM-sat","edge"
0.309966316770614,17.8477204952525,1,0,0,2,"PPM-sat","edge"
0.982212579177231,0.774874299601068,2,0,1,0,"PPM-sat","edge"
0.985691971865185,0.626578456034909,1,0,2,0,"PPM-sat","edge"
0.956191110195657,34.0657133819194,1,2,0,0,"PPM-sat","edge"
0.964489803251054,0.0108822872462276,1,0,2,0,"PPM-sat","edge"
0.95150369455138,34.2933173404578,0,1,1,1,"PPM-sat","edge"
0.965975093540099,106.095363103242,1,0,0,2,"PPM-sat","edge"
0.98309563852623,23.27978333192,1,1,1,0,"PPM-sat","edge"
0.981397825260601,1.02661493919706,0,2,1,0,"PPM-sat","edge"
0.861157386436396,43.8720016393966,0,1,2,0,"PPM-sat","edge"
0.970374976868984,0.818346700171407,3,0,0,0,"PPM-sat","edge"
0.987642520531823,0.574047641555781,2,1,0,0,"PPM-sat","edge"
0.967217881538731,1.25670703587276,0,2,0,1,"PPM-sat","edge"
0.520730792325267,13.2488005743542,2,0,0,1,"PPM-sat","edge"
0.961903300639404,1.56556578008903,0,1,1,1,"PPM-sat","edge"
0.974090849184646,70.397163306731,1,0,2,0,"PPM-sat","edge"
0.961658635003882,0.0908055160917298,2,0,1,0,"PPM-sat","edge"
0.623353060651441,1068.99193485849,0,2,1,0,"PPM-sat","edge"
0.980016079695912,0.222138545062717,0,0,3,0,"PPM-sat","edge"
0.963547818103519,2.0486623447165,1,0,1,1,"PPM-sat","edge"
0.978512902033411,1.03438911956522,1,0,1,1,"PPM-sat","edge"
0.984683284465881,6.53123558751394,2,1,0,0,"PPM-sat","edge"
0.963664519678423,0.895854116255202,2,0,0,1,"PPM-sat","edge"
0.980514792368326,0.379108389862317,2,0,1,0,"PPM-sat","edge"
0.881915354078823,180.743327365484,1,0,1,1,"PPM-sat","edge"
0.972348111984184,1.72743635420777,1,0,1,1,"PPM-sat","edge"
0.984191261829878,4.98251428429764,0,0,3,0,"PPM-sat","edge"
0.968370468189657,1.49504063474167,1,0,2,0,"PPM-sat","edge"
0.975558603660629,1.32661888371673,2,1,0,0,"PPM-sat","edge"
0.959329703688653,0.357948733350318,1,0,2,0,"PPM-sat","edge"
0.950958026485763,2.01652268457567,3,0,0,0,"PPM-sat","edge"
0.969488315639474,140.073119664615,1,0,0,2,"PPM-sat","edge"
0.958847651873993,0.882495061797775,1,1,1,0,"PPM-sat","edge"
0.964425440124625,0.750236618291537,3,0,0,0,"PPM-sat","edge"
0.984306213736057,0.468775722974829,1,0,1,1,"PPM-sat","edge"
0.975960503858478,0.266651674884699,2,0,1,0,"PPM-sat","edge"
0.958960833543659,2.22281019114235,2,1,0,0,"PPM-sat","edge"
0.889341906575264,3.18959019650164,1,0,1,1,"PPM-sat","edge"
0.915023945371697,26.2207494544669,0,1,2,0,"PPM-sat","edge"
0.981209648482085,2.56039479949297,1,0,0,2,"PPM-sat","edge"
0.941172793335043,1358.26632205079,0,0,0,3,"PPM-sat","edge"
0.948697064173332,0.861306034588326,1,0,1,1,"PPM-sat","edge"
0.968160104757772,2.40736465184626,3,0,0,0,"PPM-sat","edge"
0.983153417956785,0.015181617021393,2,0,1,0,"PPM-sat","edge"
0.971718727358574,0.89206967588741,1,0,1,1,"PPM-sat","edge"
0.934508809857053,15.92853633274,0,1,1,1,"PPM-sat","edge"
0.961932376500779,487.543683687587,0,1,0,2,"PPM-sat","edge"
0.962675676602227,1.16152950089145,1,1,1,0,"PPM-sat","edge"
0.971111021519347,0.0369771188886481,2,0,0,1,"PPM-sat","edge"
0.988457201019033,2.3570799579729,1,0,2,0,"PPM-sat","edge"
0.972713382864012,1.72965089718253,3,0,0,0,"PPM-sat","edge"
0.978005514344389,18942.4229233077,0,0,1,2,"PPM-sat","edge"
0.693917075936088,359.970511027859,1,1,0,1,"PPM-sat","edge"
0.985867543045046,0.166130836511379,2,0,0,1,"PPM-sat","edge"
0.952525923882118,12.3896886950627,2,0,0,1,"PPM-sat","edge"
0.9944432299188,6.51020225120005,1,0,2,0,"PPM-sat","edge"
0.803257818706467,361.315607293096,0,1,0,2,"PPM-sat","edge"
0.954861657099747,0.785280122417883,0,0,2,1,"PPM-sat","edge"
0.869273067361213,97.3890578693604,1,1,0,1,"PPM-sat","edge"
0.981130458293636,3.11849200587536,3,0,0,0,"PPM-sat","edge"
0.971277439082654,1.36796907707851,2,0,0,1,"PPM-sat","edge"
0.831450363927816,10.2445123005581,0,3,0,0,"PPM-sat","edge"
0.98658235350966,0.335798970898202,1,1,1,0,"PPM-sat","edge"
0.9772781082664,1.68210360763479,3,0,0,0,"PPM-sat","edge"
0.968854940047329,0.246384857291052,1,0,1,1,"PPM-sat","edge"
0.943558480683816,0.408964356177047,1,1,0,1,"PPM-sat","edge"
0.917339885546363,39.3035611967305,1,1,0,1,"PPM-sat","edge"
0.966319432236252,0.241423912516127,2,0,0,1,"PPM-sat","edge"
0.900843805714208,51.9477436233123,2,0,0,1,"PPM-sat","edge"
0.963118694993736,0.945150608828013,1,1,0,1,"PPM-sat","edge"
0.990523197149766,0.408920318939936,2,1,0,0,"PPM-sat","edge"
0.967723320050887,2.02278260812709,2,0,0,1,"PPM-sat","edge"
0.963894706033401,0.419183507442896,2,0,1,0,"PPM-sat","edge"
0.868568028430161,20.7454215451564,1,2,0,0,"PPM-sat","edge"
0.96841720111253,0.270680725241192,3,0,0,0,"PPM-sat","edge"
0.893641654330346,80.1293971405345,1,0,1,1,"PPM-sat","edge"
0.962800055251777,5.05410711110564,1,1,0,1,"PPM-sat","edge"
0.994811714763748,1.05730481931621,1,0,1,1,"PPM-sat","edge"
0.979265386888684,17.8855076106558,1,0,1,1,"PPM-sat","edge"
0.873410664632364,4.41177568837989,0,0,1,2,"PPM-sat","edge"
0.991269375345537,6.54524156046491,0,0,0,3,"PPM-sat","edge"
0.96232696378423,0.668602979216323,2,1,0,0,"PPM-sat","edge"
0.959377228200579,8.2132361931842,1,0,2,0,"PPM-sat","edge"
0.976869687967978,0.814307214694442,1,1,1,0,"PPM-sat","edge"
0.958814426003325,180.529161921177,0,2,1,0,"PPM-sat","edge"
0.939582247497941,2.96356368820197,1,0,1,1,"PPM-sat","edge"
0.969075412062607,0.90486955490198,2,0,1,0,"PPM-sat","edge"
0.964893616712253,0.606624252450576,2,0,0,1,"PPM-sat","edge"
0.816276607905376,2373.89064188498,1,1,1,0,"PPM-sat","edge"
0.962849370864111,0.783061428321274,2,0,1,0,"PPM-sat","edge"
0.973596948256253,8.93718181390846,1,0,1,1,"PPM-sat","edge"
0.878024338260814,61.9112500509362,2,1,0,0,"PPM-sat","edge"
0.967302475438718,0.0774854853079107,2,0,0,1,"PPM-sat","edge"
0.926184944552186,24.1642365264391,2,0,0,1,"PPM-sat","edge"
0.642585461642416,1587.21929823893,1,1,0,1,"PPM-sat","edge"
0.933033603032329,40.5470583559615,0,1,1,1,"PPM-sat","edge"
0.968693576923342,147.021978802735,1,1,0,1,"PPM-sat","edge"
0.967566500254153,1.74402330638414,1,0,2,0,"PPM-sat","edge"
0.980774355608658,0.943882461041022,0,1,0,2,"PPM-sat","edge"
0.984317722051589,5.62508336225428,1,1,0,1,"PPM-sat","edge"
0.934555412653906,0.535882351080674,0,0,2,1,"PPM-sat","edge"
0.970757367182112,0.738001922135678,1,1,0,1,"PPM-sat","edge"
0.973298300899148,25.1694627274403,1,2,0,0,"PPM-sat","edge"
0.940193756703716,7.02495710834312,1,0,1,1,"PPM-sat","edge"
0.965031326208403,0.077509946212016,1,0,1,1,"PPM-sat","edge"
0.918292335351519,140.100228962512,1,0,1,1,"PPM-sat","edge"
0.902738076176957,20.9249262812131,2,0,0,1,"PPM-sat","edge"
0.978504942337976,5.85386115617706,1,0,1,1,"PPM-sat","edge"
0.9763309052811,2.01978359103157,0,1,2,0,"PPM-sat","edge"
0.952388771280607,16.838910911447,2,1,0,0,"PPM-sat","edge"
0.94910615583383,0.500416140464412,1,1,1,0,"PPM-sat","edge"
0.962124646897447,0.220795845291395,1,0,0,2,"PPM-sat","edge"
0.972638167876028,0.4262966769596,1,1,1,0,"PPM-sat","edge"
0.611267104501656,2093.89622539357,2,1,0,0,"PPM-sat","edge"
0.983157754268177,0.062053062086039,3,0,0,0,"PPM-sat","edge"
0.971055321174244,185.961850478422,2,1,0,0,"PPM-sat","edge"
0.938924380825594,5.36288514615357,2,1,0,0,"PPM-sat","edge"
0.833712812594543,37.1613974555848,1,1,0,1,"PPM-sat","edge"
0.982637055119061,9736.56912545341,1,1,0,1,"PPM-sat","edge"
0.9885106071784,20.3625765532364,2,0,1,0,"PPM-sat","edge"
0.86624037069184,4.85356044067952,2,1,0,0,"PPM-sat","edge"
0.972828223418567,0.450587238606696,2,0,0,1,"PPM-sat","edge"
0.884025423704988,56.7733416900795,1,1,0,1,"PPM-sat","edge"
0.972816321026768,0.329810576044953,1,2,0,0,"PPM-sat","edge"
0.97805534107978,4.35440097481109,1,1,0,1,"PPM-sat","edge"
0.95450897052687,95.6908368832946,1,0,0,2,"PPM-sat","edge"
0.325558774565393,4372.27767874668,1,0,0,2,"PPM-sat","edge"
0.959981461800905,0.269575938441185,3,0,0,0,"PPM-sat","edge"
0.900861542170478,3.37638158423534,0,0,1,2,"PPM-sat","edge"
0.982303884646659,0.425116039799401,1,1,1,0,"PPM-sat","edge"
0.940277144720506,26.3824608999624,1,2,0,0,"PPM-sat","edge"
0.976634401901831,0.171376783769638,1,0,2,0,"PPM-sat","edge"
0.956281768550372,0.566853712718477,1,0,1,1,"PPM-sat","edge"
0.943605460362153,806.563760020945,1,1,1,0,"PPM-sat","edge"
0.963342336473566,1.32467030818344,2,0,1,0,"PPM-sat","edge"
0.952730049366552,21.4527489901311,1,0,1,1,"PPM-sat","edge"
0.607207006510599,11.8556697375114,2,1,0,0,"PPM-sat","edge"
0.98423288567377,0.566289475655888,2,1,0,0,"PPM-sat","edge"
0.973962815168973,2.69045351538563,2,0,1,0,"PPM-sat","edge"
0.943897746180112,181.240881998502,0,2,1,0,"PPM-sat","edge"
0.97814450869536,1.07269329981324,3,0,0,0,"PPM-sat","edge"
0.906232417320902,87.5790703713591,1,0,1,1,"PPM-sat","edge"
0.971971091280905,2.71903002891919,2,0,1,0,"PPM-sat","edge"
0.964550232345302,3185.31988837636,2,1,0,0,"PPM-sat","edge"
0.978854566873933,0.419876236393814,1,1,1,0,"PPM-sat","edge"
0.974039145784547,1.408341725212,1,0,2,0,"PPM-sat","edge"
0.786212239802413,162301.157823137,0,0,1,2,"PPM-sat","edge"
0.876116746364136,2275.24024282561,1,1,0,1,"PPM-sat","edge"
0.865053059883112,11.4845928534491,0,1,1,1,"PPM-sat","edge"
0.977533127850627,0.642432087036797,0,1,2,0,"PPM-sat","edge"
0.933029997081331,4.87964167303607,0,2,0,1,"PPM-sat","edge"
0.74638953005469,138105.347004779,0,3,0,0,"PPM-sat","edge"
0.945306610507914,2.05327073661008,0,2,1,0,"PPM-sat","edge"
0.961921527877931,0.0483021598876498,2,0,1,0,"PPM-sat","edge"
0.987021719049154,4.90516955364852,1,1,0,1,"PPM-sat","edge"
0.979725957347891,2259.43115556907,1,0,0,2,"PPM-sat","edge"
0.856720904520585,5373.82039660441,0,3,0,0,"PPM-sat","edge"
0.986067847388741,0.690427513768732,0,1,1,1,"PPM-sat","edge"
0.954679591651901,0.827850633750364,1,0,1,1,"PPM-sat","edge"
0.881579234499694,4045.81721087432,0,1,2,0,"PPM-sat","edge"
0.88704843918662,38.154709733184,1,1,0,1,"PPM-sat","edge"
0.774799044869652,42.2492989105737,1,1,0,1,"PPM-sat","edge"
0.956110622591913,1.60515952628703,1,1,0,1,"PPM-sat","edge"
