"Corr.surf","Dist.true.cent","Normal","Log.norm","Beta","Gamma","approach"
0.0457210972131795,78.7406326229513,1,0,0,2,"Ellipses"
0.0852544814732012,67.1905872879714,1,0,1,1,"Ellipses"
-0.135699854176059,1197.9446737696,0,2,0,1,"Ellipses"
0.515366867589161,17.2059754216266,1,0,2,0,"Ellipses"
0.378966342600582,384.49253808893,2,0,0,1,"Ellipses"
0.440823394601299,16.2960811420962,0,1,0,2,"Ellipses"
0.32615495722113,30.1234954638128,1,0,2,0,"Ellipses"
0.213516869737373,54.028288600263,2,1,0,0,"Ellipses"
0.23330707101857,45.2297371793031,3,0,0,0,"Ellipses"
-0.0704503990704687,329.52761863327,1,0,0,2,"Ellipses"
0.183345392172841,50.8154327928538,1,1,0,1,"Ellipses"
0.053209654311639,63.9841024464207,1,0,1,1,"Ellipses"
0.34482556638703,40.5352631511384,1,1,0,1,"Ellipses"
0.371629990563554,23.394481549312,1,0,0,2,"Ellipses"
0.311581652219381,53.0487125317412,2,0,1,0,"Ellipses"
0.192845417257773,62.7419700134968,2,0,1,0,"Ellipses"
0.265464401955438,67.4899937497141,3,0,0,0,"Ellipses"
0.240195180100699,38.9193121978759,2,1,0,0,"Ellipses"
-0.0838624893737299,2282.21974381004,1,1,0,1,"Ellipses"
0.019018787650769,132.638151229223,1,0,1,1,"Ellipses"
0.15284387133291,54.8838540021604,3,0,0,0,"Ellipses"
-0.0500169588801203,1164.88974523548,1,1,0,1,"Ellipses"
0.222266687854541,39.5561444644951,2,0,0,1,"Ellipses"
0.38732838462888,34.9707635106713,2,0,1,0,"Ellipses"
0.223982246911856,65.9209298658568,2,0,1,0,"Ellipses"
0.344797565113337,37.1502622956179,1,1,1,0,"Ellipses"
-0.0413542507904035,405.604143666677,0,1,0,2,"Ellipses"
0.21805195328159,39.2014357679404,3,0,0,0,"Ellipses"
0.314532015187053,35.2643851631251,2,0,1,0,"Ellipses"
0.384029987967391,15.9309321585662,1,1,1,0,"Ellipses"
0.224656420608843,48.7644906305238,1,1,1,0,"Ellipses"
0.282325996814988,54.401083331343,2,1,0,0,"Ellipses"
-0.0448209636913788,3240.00925102744,0,1,0,2,"Ellipses"
0.376256998370979,29.1530317590652,1,0,1,1,"Ellipses"
0.618709715249482,12.9335367366323,0,1,1,1,"Ellipses"
0.247593438204284,41.2158319875695,0,0,2,1,"Ellipses"
-0.0829941144985081,739.496966356557,1,1,1,0,"Ellipses"
0.250795805280128,74.666515398274,1,0,1,1,"Ellipses"
-0.0626896100265002,293.057792237608,1,1,0,1,"Ellipses"
0.039542629741769,71.4859313013403,2,0,0,1,"Ellipses"
0.195978439080377,60.1244375045528,0,1,1,1,"Ellipses"
0.114010427786179,84.9367702034793,2,0,0,1,"Ellipses"
0.142323321105968,82.7426598565239,2,0,1,0,"Ellipses"
0.229582895769418,45.7190743840216,2,0,1,0,"Ellipses"
0.428434910996454,29.3120008301753,2,0,0,1,"Ellipses"
0.142895980216536,115.109047253214,0,2,0,1,"Ellipses"
0.320876461252663,35.3263498957618,1,1,1,0,"Ellipses"
0.430292920819158,26.6527326323792,1,0,0,2,"Ellipses"
0.432396268453561,56.5903757596321,2,1,0,0,"Ellipses"
0.149526996986919,78.0306076813408,3,0,0,0,"Ellipses"
0.395063993827635,31.1827661216026,0,1,1,1,"Ellipses"
-0.0737549396435614,1619.10306551172,0,2,0,1,"Ellipses"
0.264569334220394,70.3369937234604,1,0,1,1,"Ellipses"
-0.0696399336098464,2226.77940588472,0,1,2,0,"Ellipses"
0.287620724942857,44.2808555415224,3,0,0,0,"Ellipses"
0.392488447452989,33.9587252446814,2,1,0,0,"Ellipses"
0.00922560049443834,210.806860774,1,1,1,0,"Ellipses"
-0.0721313298201136,700.671497074703,2,1,0,0,"Ellipses"
-0.0977240072781936,455.543630740418,1,1,0,1,"Ellipses"
-0.0974515195711323,769.680404892415,2,1,0,0,"Ellipses"
0.56218178044692,25.7751795240711,1,2,0,0,"Ellipses"
-0.040591099179744,95045.6477077932,2,0,0,1,"Ellipses"
0.360191955938592,47.6621033681286,1,1,0,1,"Ellipses"
0.492660051527403,33.7562816295049,1,0,0,2,"Ellipses"
0.263179971096705,32.5801821241644,2,0,1,0,"Ellipses"
-0.017389393700592,120.456388007276,1,0,1,1,"Ellipses"
0.483961454851794,23.6647825008273,1,1,0,1,"Ellipses"
0.301146370064939,25.9460977520296,1,0,1,1,"Ellipses"
0.419208348229346,30.5816631563241,2,0,1,0,"Ellipses"
0.379069353816685,17.2591108104542,1,1,1,0,"Ellipses"
0.43343648350497,13.4947518982746,1,0,1,1,"Ellipses"
0.236842769001417,126.618822311753,1,0,0,2,"Ellipses"
-0.0804303960309024,2770.67708150925,1,1,1,0,"Ellipses"
0.442395918008569,14.9999866401702,1,0,1,1,"Ellipses"
0.339990877264805,47.262677960881,2,0,0,1,"Ellipses"
-0.0392470265643284,66160.3764465666,2,0,0,1,"Ellipses"
0.426874230778193,34.2874323173216,2,0,0,1,"Ellipses"
-0.0587864561458695,217.576808781455,0,2,1,0,"Ellipses"
-0.0431286202649695,3395.09648441009,2,0,0,1,"Ellipses"
-0.0813495689158063,1525.50154790815,0,1,0,2,"Ellipses"
-0.0994612137470221,4553.99824954787,0,1,0,2,"Ellipses"
0.247300891812411,55.4074022195072,2,0,1,0,"Ellipses"
-0.0801317884828017,2305.79573960365,0,1,2,0,"Ellipses"
-0.00252584373240245,231.195174444626,1,1,0,1,"Ellipses"
0.110001185640593,99.5146281294855,0,0,2,1,"Ellipses"
0.25877095877291,48.9992195416635,3,0,0,0,"Ellipses"
-0.0888953042276769,648.833865808429,0,3,0,0,"Ellipses"
-0.0954780615245413,1298.09359801236,0,3,0,0,"Ellipses"
0.377510321457062,23.792198221247,1,1,1,0,"Ellipses"
-0.0536887913907726,1626.55168936157,2,1,0,0,"Ellipses"
0.377741843310031,33.1160838136401,0,2,0,1,"Ellipses"
0.443754743323719,57.0460973801139,2,1,0,0,"Ellipses"
0.436262428569637,436.25024216624,0,2,1,0,"Ellipses"
0.113501286759377,151.415030910452,1,0,0,2,"Ellipses"
0.352988512825421,54.1752058037216,2,0,0,1,"Ellipses"
0.440279671227093,16.0514094534657,0,0,1,2,"Ellipses"
0.397460873521882,35.506218443311,2,1,0,0,"Ellipses"
0.181079048568847,54.2909287382728,0,1,1,1,"Ellipses"
-0.0954966018457651,205.315820427947,1,1,1,0,"Ellipses"
0.212910533348691,62.0917472285676,1,0,1,1,"Ellipses"
0.388537545215804,12.1544222141341,0,0,3,0,"Ellipses"
0.318565167819962,30.3672264621776,1,0,1,1,"Ellipses"
-0.0536765058866326,3689.35903437454,1,1,1,0,"Ellipses"
0.396597498567664,27.736909380486,3,0,0,0,"Ellipses"
0.6220465464619,11.8352730495226,0,2,1,0,"Ellipses"
-0.0745692343182597,898.336946656622,0,1,2,0,"Ellipses"
0.561946138731107,34.0324093743178,1,2,0,0,"Ellipses"
-0.00190874771311761,240.541368542639,1,1,0,1,"Ellipses"
0.118101840936344,55.9927825083873,1,0,1,1,"Ellipses"
0.192847926943894,58.7263972893039,1,0,1,1,"Ellipses"
0.26871670541329,112.469337715481,1,1,0,1,"Ellipses"
0.26382731747568,41.1823719166832,2,0,0,1,"Ellipses"
0.492950846554443,30.686152519269,1,1,1,0,"Ellipses"
-0.0754436165586022,1446.13910529002,2,0,0,1,"Ellipses"
-0.0579565153206802,1419.60119898705,0,0,1,2,"Ellipses"
-0.0719371181812339,2766.81793835199,1,1,1,0,"Ellipses"
0.115624426568918,101.073359339182,2,0,0,1,"Ellipses"
0.106277773092407,80.3108591840665,2,0,1,0,"Ellipses"
-0.0807271863417777,2515.00209212835,0,1,0,2,"Ellipses"
0.425964975423462,20.7859715445415,2,1,0,0,"Ellipses"
-0.0371498166147925,3185.87624911679,2,0,0,1,"Ellipses"
0.221705653744548,35.0005272751676,2,1,0,0,"Ellipses"
0.0366662214544459,85.6446571836813,0,0,1,2,"Ellipses"
0.259884086299286,46.8752050702518,1,0,2,0,"Ellipses"
-0.0671662735029879,2594.98662795153,1,2,0,0,"Ellipses"
0.318737127277489,44.104735013161,1,1,1,0,"Ellipses"
0.410267077248341,22.8746470814594,1,0,1,1,"Ellipses"
0.189608397889515,48.3618161970075,1,0,1,1,"Ellipses"
0.444500649890499,29.6606127067113,1,0,1,1,"Ellipses"
0.354414747816216,41.5144768332344,1,2,0,0,"Ellipses"
0.405881188549486,37.102121726154,1,0,1,1,"Ellipses"
0.385308363514278,50.8075093614717,2,1,0,0,"Ellipses"
0.163189076424604,46.8993205892586,0,1,2,0,"Ellipses"
0.0130645121261285,111.237604628878,1,1,0,1,"Ellipses"
0.248224306283838,43.8332591011888,2,0,1,0,"Ellipses"
-0.0309881462076461,198.167736619292,2,1,0,0,"Ellipses"
0.340938726330746,31.4488530501681,2,0,0,1,"Ellipses"
-0.0389275432516647,436.751361815946,1,1,1,0,"Ellipses"
-0.0844669568895614,1193.85446783054,1,1,0,1,"Ellipses"
0.334275163160831,43.3753501631214,1,0,2,0,"Ellipses"
0.3322908906941,52.2106417495444,1,1,1,0,"Ellipses"
-0.0736252008419158,2890.5331265531,1,1,0,1,"Ellipses"
-0.169161791984676,5513.33858792305,1,0,0,2,"Ellipses"
-0.0926839483865544,892.40899530918,1,2,0,0,"Ellipses"
0.166215476864498,33.6030502870596,1,0,2,0,"Ellipses"
0.389110707781792,45.8554840648591,2,0,0,1,"Ellipses"
0.527074837458973,19.5887843102191,2,1,0,0,"Ellipses"
-0.0555063366607285,373.623401670323,1,1,0,1,"Ellipses"
0.320314163094512,33.3676909207437,3,0,0,0,"Ellipses"
0.233552094566605,37.6078627134631,1,0,1,1,"Ellipses"
-0.0665093986899162,1746.92508762834,2,1,0,0,"Ellipses"
-0.0254764932020926,423.695121929962,0,1,0,2,"Ellipses"
0.501903291750937,20.3400535402821,1,0,1,1,"Ellipses"
0.335340711106464,29.147547461699,2,0,0,1,"Ellipses"
0.306118260222489,57.9778897818345,0,0,0,3,"Ellipses"
-0.0645638031860525,1985.61355038848,1,2,0,0,"Ellipses"
-0.122579538815561,231.316162548752,0,3,0,0,"Ellipses"
0.329664400909655,49.8589935569146,2,1,0,0,"Ellipses"
0.137373295941268,75.3398308308572,2,0,0,1,"Ellipses"
0.421807518014045,31.8477432668571,1,1,1,0,"Ellipses"
0.0172750416697194,179.347961663599,0,1,0,2,"Ellipses"
0.451236758006291,20.9549883717303,2,0,1,0,"Ellipses"
0.425798872879216,18.073705593798,1,0,1,1,"Ellipses"
0.0875599007194532,123.857336654963,1,0,1,1,"Ellipses"
0.434190456503604,56.6855316637965,2,0,0,1,"Ellipses"
0.534126044835683,16.851174618147,0,0,3,0,"Ellipses"
-0.0406748499552203,269.124052889151,0,1,1,1,"Ellipses"
0.437313203029832,38.5403586837234,1,2,0,0,"Ellipses"
-0.0670915466625479,342.049134235791,0,1,0,2,"Ellipses"
0.428666725396369,40.7638404456346,2,1,0,0,"Ellipses"
0.386184922220696,34.6467684471489,1,0,2,0,"Ellipses"
0.0640014057560711,105.821397460168,1,0,0,2,"Ellipses"
0.141600264913392,92.9895973951075,1,0,0,2,"Ellipses"
0.119629631714985,85.911178193292,1,1,1,0,"Ellipses"
0.299711307800008,24.5959109961401,2,0,0,1,"Ellipses"
0.361910758457234,34.9490628864125,2,0,1,0,"Ellipses"
0.153497881063652,55.8132368365458,1,0,0,2,"Ellipses"
0.42397636808959,30.7622610716285,1,0,2,0,"Ellipses"
-0.0508993503067966,411.018357642004,1,0,0,2,"Ellipses"
0.589989618852577,29.288794824355,1,1,0,1,"Ellipses"
0.509905471787198,19.6533577829214,1,0,1,1,"Ellipses"
-0.0647817009965628,477.583234690067,1,1,1,0,"Ellipses"
0.289603332729687,38.2174114586664,2,1,0,0,"Ellipses"
-0.0495570874054793,545.760420952887,1,1,1,0,"Ellipses"
0.317763466549471,55.1271945388876,2,0,0,1,"Ellipses"
-0.0642687479423007,1473.04493501192,2,0,0,1,"Ellipses"
0.220897700686619,55.4344866174115,2,0,1,0,"Ellipses"
0.463240753536588,45.2261999447056,3,0,0,0,"Ellipses"
0.271203822926428,135.80178599833,1,0,1,1,"Ellipses"
0.144554105634029,48.7030511090165,2,0,1,0,"Ellipses"
0.151317122988354,61.4403788880149,3,0,0,0,"Ellipses"
-0.0731189425792937,278.761192560664,1,1,1,0,"Ellipses"
0.432911646897776,19.5134941988779,2,0,1,0,"Ellipses"
0.492086140218334,14.4027660251338,0,0,2,1,"Ellipses"
0.214322509170476,73.1823939769302,0,1,2,0,"Ellipses"
0.499067762715005,15.9738863435749,1,0,2,0,"Ellipses"
-0.0915720889600207,198.318717106824,0,0,2,1,"Ellipses"
0.797807847196107,3.94560594627453,0,0,0,3,"Ellipses"
-0.0791324344416352,575.686802515158,0,1,1,1,"Ellipses"
0.206829327477971,53.5381218494121,1,0,1,1,"Ellipses"
0.0558813999132771,126.055723977085,0,2,0,1,"Ellipses"
0.414393896520898,30.7913346242421,1,1,0,1,"Ellipses"
-0.0738134057471861,2827.70601702948,1,2,0,0,"Ellipses"
0.204976340881303,35.6221890350498,1,1,1,0,"Ellipses"
-0.0516256437732557,2078.10071819852,0,1,0,2,"Ellipses"
0.41131411327383,30.2596868052962,2,1,0,0,"Ellipses"
0.292590531856888,46.3825209485966,2,0,1,0,"Ellipses"
-0.0494881821415175,1294.98541610689,1,1,0,1,"Ellipses"
0.327711922143333,49.0933334427833,2,0,1,0,"Ellipses"
0.108378399014516,48.5219628587224,3,0,0,0,"Ellipses"
0.0732366542287524,91.9072204229217,1,0,1,1,"Ellipses"
0.491079760685092,38.3293205609919,1,1,0,1,"Ellipses"
0.480854952814802,23.8528405079757,1,2,0,0,"Ellipses"
-0.0600984655207086,257.990442175979,1,1,1,0,"Ellipses"
-0.0934538881043358,3568.74699957661,0,2,1,0,"Ellipses"
0.146065017675396,59.2428688738027,1,0,0,2,"Ellipses"
0.15623296813567,46.7276007064256,2,0,1,0,"Ellipses"
-0.0663518423385841,2020.57880499331,0,3,0,0,"Ellipses"
0.020877311301478,129.586330574841,2,1,0,0,"Ellipses"
-0.0887750476075977,4005.21365872168,0,3,0,0,"Ellipses"
0.173880079117528,44.1754806101422,1,0,0,2,"Ellipses"
0.574301268687677,29.5858913490668,1,2,0,0,"Ellipses"
0.3140406818769,45.845768454793,1,1,1,0,"Ellipses"
0.124355789574355,65.3700358635745,2,1,0,0,"Ellipses"
0.0972842449457753,62.1008100129031,1,0,1,1,"Ellipses"
0.450720968638711,22.9587982298538,2,0,1,0,"Ellipses"
-0.00852035115541878,269.889072625616,1,0,0,2,"Ellipses"
-0.0527498504976913,1668.53601756583,1,1,0,1,"Ellipses"
0.288939276279811,34.9615228658294,2,0,1,0,"Ellipses"
0.00709657293191198,144.709161121191,0,0,1,2,"Ellipses"
0.15339838955214,78.7466560187454,2,1,0,0,"Ellipses"
0.414839597567207,30.1398635945791,1,1,1,0,"Ellipses"
0.144434972722389,49.6578209036181,2,0,1,0,"Ellipses"
0.0832885514771589,97.564542473221,2,0,0,1,"Ellipses"
-0.0567061943964237,302.130084740419,2,1,0,0,"Ellipses"
0.410207632018511,18.2245907208468,0,0,2,1,"Ellipses"
-0.0945058842736443,642.129802127683,1,2,0,0,"Ellipses"
0.301388695856086,29.733321963611,1,0,1,1,"Ellipses"
0.0552270113349424,150.250416930687,1,1,0,1,"Ellipses"
0.442655241937052,13.481413628358,0,1,2,0,"Ellipses"
0.505495206764518,20.9221387294918,0,0,1,2,"Ellipses"
0.273942258515534,51.4408974534272,2,0,1,0,"Ellipses"
0.11524755998339,106.026957977986,2,0,1,0,"Ellipses"
-0.0498944826008229,3007.72524879025,0,0,1,2,"Ellipses"
0.186279446051859,51.666148243037,3,0,0,0,"Ellipses"
0.364220812282159,30.0399581501614,1,1,1,0,"Ellipses"
0.337384843668515,30.3019757225525,2,0,0,1,"Ellipses"
0.561295327311006,24.2037549249228,1,1,0,1,"Ellipses"
0.399804007301729,22.5011439695233,0,0,2,1,"Ellipses"
0.353756318963475,27.6577321370862,2,0,1,0,"Ellipses"
0.200924637166912,64.2156897429578,1,0,1,1,"Ellipses"
0.403103380153175,42.9222948646076,2,0,1,0,"Ellipses"
0.093486880153072,90.1043376913125,0,0,0,3,"Ellipses"
0.105094856834227,54.672622298836,2,0,0,1,"Ellipses"
-0.0763503735625742,1292.47866679028,1,1,0,1,"Ellipses"
0.597687212842402,15.3712571924806,0,2,0,1,"Ellipses"
0.378964583349024,47.6951611661246,1,2,0,0,"Ellipses"
0.14710569519534,56.7306045539383,2,0,1,0,"Ellipses"
0.275412194501327,33.587792393679,1,0,1,1,"Ellipses"
0.200997356084888,56.7533832934492,2,1,0,0,"Ellipses"
0.396863506928017,18.061747975682,0,0,3,0,"Ellipses"
0.339994934881225,42.6315135339674,2,0,1,0,"Ellipses"
-0.136374450991815,588.573858266096,0,2,1,0,"Ellipses"
-0.100906772898737,948.232541817783,2,1,0,0,"Ellipses"
0.706045711206177,5.3531396703811,0,1,1,1,"Ellipses"
0.457736003084002,22.9629289708547,1,1,1,0,"Ellipses"
-0.00799963693234726,238.436354989189,1,1,0,1,"Ellipses"
0.0506447288756964,130.999927674445,1,2,0,0,"Ellipses"
-0.0318482792591439,178.909306034188,1,2,0,0,"Ellipses"
-0.0857474942658461,717.944070846281,2,1,0,0,"Ellipses"
0.295528547193979,35.2423518603498,1,0,1,1,"Ellipses"
0.187176825297153,53.9097390033617,2,0,1,0,"Ellipses"
0.367216578532649,20.8916252150888,1,1,1,0,"Ellipses"
-0.0661617660190974,210.767541568822,0,1,0,2,"Ellipses"
0.344596581065742,23.0083801240357,1,1,1,0,"Ellipses"
-0.0845617476817391,648.138865176291,2,1,0,0,"Ellipses"
0.389225689154186,27.4564052708674,2,0,0,1,"Ellipses"
0.437055997829011,29.7900759380059,1,1,1,0,"Ellipses"
0.220000811015194,42.5491862557295,2,0,0,1,"Ellipses"
0.428427136334291,48.6939139307381,2,0,0,1,"Ellipses"
-0.071514766070414,1468.29094135954,1,2,0,0,"Ellipses"
0.473744560579729,20.7126421564884,0,0,2,1,"Ellipses"
0.234002256416918,60.6188050155858,3,0,0,0,"Ellipses"
0.43068917101381,39.8293945770305,1,0,1,1,"Ellipses"
0.319787869289685,44.8370244538149,2,0,0,1,"Ellipses"
-0.0878186530633598,782.202084720859,0,1,1,1,"Ellipses"
0.220473900049901,68.3643182325522,1,1,1,0,"Ellipses"
-0.0561934573507164,308.289920065618,1,0,0,2,"Ellipses"
0.497120223512517,21.5104366453308,0,1,2,0,"Ellipses"
0.0412508539940683,208.180559358182,2,1,0,0,"Ellipses"
0.141342937435018,53.1280791987315,1,0,1,1,"Ellipses"
0.0124925113770296,162.03228305503,0,1,1,1,"Ellipses"
0.535336445949321,22.0370450534461,2,1,0,0,"Ellipses"
0.394993943661104,33.2110001541234,0,1,2,0,"Ellipses"
-0.0587226831601732,349.500731275825,1,0,1,1,"Ellipses"
0.0239486609091865,204.931669199616,0,1,1,1,"Ellipses"
0.433448034324083,35.0381577289747,1,1,1,0,"Ellipses"
0.186588324482814,76.55979955471,2,0,1,0,"Ellipses"
0.11930281843458,49.186704550607,2,0,1,0,"Ellipses"
-0.0660395186404056,2701.1777057741,2,1,0,0,"Ellipses"
0.134745146068188,71.2056432239631,2,0,0,1,"Ellipses"
0.349100123028491,66.1903673687566,2,1,0,0,"Ellipses"
0.0327228814707493,58.9152716361223,0,0,2,1,"Ellipses"
0.289605445572233,30.1943587777553,1,0,1,1,"Ellipses"
0.261187824647839,25.2670941285869,2,1,0,0,"Ellipses"
0.285348962425632,48.030776114715,3,0,0,0,"Ellipses"
0.356426832607859,36.5351083568122,1,1,0,1,"Ellipses"
0.404848415584925,35.8265626837934,2,0,1,0,"Ellipses"
0.29928432470685,84.1750409018522,3,0,0,0,"Ellipses"
0.501937377471982,6136.99618869922,2,0,0,1,"Ellipses"
-0.0827247577562098,599.768646196729,1,1,0,1,"Ellipses"
-0.0968269414332611,720.207972784108,0,2,0,1,"Ellipses"
0.162882722916778,91.869093582368,2,1,0,0,"Ellipses"
0.44051982481639,20.9028196466773,1,1,1,0,"Ellipses"
0.31868549540941,34.2085052599207,1,1,0,1,"Ellipses"
0.528890309540466,29.2343209980633,1,1,0,1,"Ellipses"
0.182749066437872,62.8154391490429,1,0,2,0,"Ellipses"
-0.0416158882247429,2506.52847162123,0,0,2,1,"Ellipses"
0.167575623247319,52.3454199605147,1,1,1,0,"Ellipses"
0.183826395886919,73.6072191409039,2,0,0,1,"Ellipses"
0.425752059312497,22.1893780166567,0,0,2,1,"Ellipses"
-0.0335713570038387,2161.12739794252,0,0,2,1,"Ellipses"
-0.0912405206834886,670.592377872249,1,2,0,0,"Ellipses"
0.448136935139076,11.2558246681715,0,0,2,1,"Ellipses"
0.595815429889487,11.5797253545235,0,0,1,2,"Ellipses"
0.0987477042612171,68.1066073712694,0,0,1,2,"Ellipses"
0.377884665452328,394.137820403696,1,0,2,0,"Ellipses"
0.19332363550852,46.4751680144978,2,0,1,0,"Ellipses"
0.457240842657911,26.9186566033046,0,0,1,2,"Ellipses"
0.392552725777398,35.1026715819509,1,1,1,0,"Ellipses"
0.409849833028655,35.0246392724548,1,1,1,0,"Ellipses"
0.255835399937737,30.6625438338076,1,0,1,1,"Ellipses"
0.296674731537882,44.7587377897918,2,0,1,0,"Ellipses"
0.271715182382307,59.9173589094837,3,0,0,0,"Ellipses"
-0.0650049009153573,1797.91397810335,2,1,0,0,"Ellipses"
0.164205241973201,64.3803167190656,3,0,0,0,"Ellipses"
0.404046250700336,28.6956210879191,1,0,1,1,"Ellipses"
-0.0722931530582974,2468.03470626493,0,2,0,1,"Ellipses"
-0.0600930167579614,816.637954799156,0,1,2,0,"Ellipses"
0.25403615469175,153.209462450641,0,1,1,1,"Ellipses"
0.353106884000409,20.6329910585409,1,0,1,1,"Ellipses"
-0.0552318785478559,2007.3048133718,1,1,1,0,"Ellipses"
0.138036125497422,76.7241696660192,0,0,1,2,"Ellipses"
0.105171497215889,325.082912568572,0,2,0,1,"Ellipses"
0.424130488882289,20.2683840979795,2,0,0,1,"Ellipses"
-0.0402913693812217,338.375349764702,1,1,1,0,"Ellipses"
0.572563783166036,19.8216483722324,1,0,0,2,"Ellipses"
0.287521941078257,40.9947000297247,2,0,0,1,"Ellipses"
0.118816126527062,190.608834974954,1,1,1,0,"Ellipses"
0.229460373601373,35.8130858495175,2,1,0,0,"Ellipses"
0.300341546744954,32.6676439094987,1,0,1,1,"Ellipses"
0.308326954333836,49.0988764896276,2,1,0,0,"Ellipses"
0.327665369937885,25.3334453278757,2,0,1,0,"Ellipses"
-0.0594893826138863,232.434650056911,1,1,1,0,"Ellipses"
0.191717136825794,58.2006329970049,2,0,1,0,"Ellipses"
0.0361673784074213,97.2675394353982,1,1,0,1,"Ellipses"
0.445300886184549,19.4985267962484,0,1,1,1,"Ellipses"
-0.0699652896765913,2177.19250122045,1,1,0,1,"Ellipses"
0.357113914048571,36.2977233497974,2,1,0,0,"Ellipses"
0.219237716603204,55.7117591569228,2,0,1,0,"Ellipses"
0.326122693215577,33.7588706009985,2,0,1,0,"Ellipses"
0.0403840610600081,237.992060401793,1,0,0,2,"Ellipses"
0.439072163992502,16.5814023435601,1,0,1,1,"Ellipses"
0.346702933548516,43.6705584813628,1,0,1,1,"Ellipses"
-0.0648655617817941,1390.53450843551,0,2,0,1,"Ellipses"
0.347120614242162,38.0375200929582,2,0,0,1,"Ellipses"
-0.0562117643358352,1429.78040250134,2,1,0,0,"Ellipses"
-0.0369503990068221,273.997176172239,2,0,0,1,"Ellipses"
0.161293516269277,39.6068963915207,1,0,2,0,"Ellipses"
0.308436149415888,42.4871888423739,3,0,0,0,"Ellipses"
0.221693792710477,37.8957337535376,2,0,1,0,"Ellipses"
0.286655154341006,54.0548160668175,3,0,0,0,"Ellipses"
0.18275538836086,55.6434028071129,1,1,1,0,"Ellipses"
0.418968363788455,19.0246703996376,1,1,1,0,"Ellipses"
0.427362586433093,25.4477549226562,0,1,2,0,"Ellipses"
-0.0574864358006324,213.105822743615,2,1,0,0,"Ellipses"
0.383258010157688,51.1398233770769,2,1,0,0,"Ellipses"
-0.0638565540246136,2658.83406395154,2,1,0,0,"Ellipses"
0.38987193868686,38.1670894716608,1,1,1,0,"Ellipses"
-0.0720671309802009,1266.02167618302,1,0,0,2,"Ellipses"
0.400741661265281,11.580213931329,0,1,1,1,"Ellipses"
-0.0682965370251828,2551.89350832546,1,2,0,0,"Ellipses"
0.239282009425643,45.3585580704945,2,0,0,1,"Ellipses"
0.11325602067807,79.8455503873676,0,1,0,2,"Ellipses"
-0.0498978719901631,337.910696326191,1,1,0,1,"Ellipses"
-0.0533707071392028,2942.58704766235,1,1,0,1,"Ellipses"
0.106694756248033,200.096397994751,1,0,1,1,"Ellipses"
0.432161241796028,47.2928836374317,1,0,1,1,"Ellipses"
0.326111182054625,44.0756252186394,2,1,0,0,"Ellipses"
-0.0926272586801654,929.200623615686,0,3,0,0,"Ellipses"
0.655886870983176,21.9998469409727,1,0,1,1,"Ellipses"
0.0225882686288122,224.502321968976,1,1,1,0,"Ellipses"
-0.0610110446238807,2797.13380397131,1,1,0,1,"Ellipses"
0.170324454607845,70.7137323815097,2,0,1,0,"Ellipses"
0.198760519796742,76.2253851877035,2,0,0,1,"Ellipses"
0.301550366290193,56.1617157326928,3,0,0,0,"Ellipses"
0.164656790167301,56.0568058152639,1,0,1,1,"Ellipses"
0.154692514548381,163.066314874487,0,0,0,3,"Ellipses"
-0.0435544683098014,247.039248251689,0,2,1,0,"Ellipses"
-0.00500689105340572,126.134859007451,0,0,1,2,"Ellipses"
0.416267464083437,26.6265470872865,1,0,1,1,"Ellipses"
0.516313896804667,20.0970077442907,1,1,0,1,"Ellipses"
-0.083707524559038,1041.85042592209,2,0,0,1,"Ellipses"
0.299705331950782,37.6814511636586,2,0,0,1,"Ellipses"
0.19906213737958,65.1216661027329,2,0,1,0,"Ellipses"
0.349361359553843,37.7864823332799,1,1,0,1,"Ellipses"
0.227097983269854,48.7164092394713,1,0,1,1,"Ellipses"
0.36831523339798,64.0188362602288,2,1,0,0,"Ellipses"
0.480225748821643,17.5868057874668,1,0,2,0,"Ellipses"
0.122815814190896,99.4077190360481,2,1,0,0,"Ellipses"
0.260468205891786,54.9115800188754,2,1,0,0,"Ellipses"
-0.0668400827817779,1677.91110224869,1,0,1,1,"Ellipses"
0.234418263748265,68.0179782260857,0,1,1,1,"Ellipses"
0.289352498127521,58.7648029824932,2,0,1,0,"Ellipses"
0.22001274696553,28.9180747906011,2,0,1,0,"Ellipses"
0.272928614318168,48.4547385764674,1,0,0,2,"Ellipses"
0.493748082499494,34.4641164920462,1,1,0,1,"Ellipses"
0.172636863562786,115.563531852664,1,0,1,1,"Ellipses"
0.603684866645594,19.0524754533504,0,2,1,0,"Ellipses"
-0.0750975368285958,3740.67375940178,0,2,1,0,"Ellipses"
0.378605377559356,70.2200992741267,1,1,0,1,"Ellipses"
-0.0655861686717528,919.39663405166,1,0,0,2,"Ellipses"
0.220301146252735,44.6657603720583,2,0,1,0,"Ellipses"
-0.0670604086141267,1011.71416263757,2,1,0,0,"Ellipses"
0.334944430577138,42.9918132976598,2,0,1,0,"Ellipses"
-0.0698241926308436,2690.822168499,2,1,0,0,"Ellipses"
0.493836459414885,14.7601858145263,1,0,1,1,"Ellipses"
0.324725608988732,56.9954000717206,2,1,0,0,"Ellipses"
-0.0591759164391487,403.455858721935,1,2,0,0,"Ellipses"
-0.0292133130208461,237.993913029032,2,1,0,0,"Ellipses"
0.361951279604586,57.2662837526494,1,1,0,1,"Ellipses"
0.235890841403557,64.5509122098576,2,0,0,1,"Ellipses"
0.21600487195518,49.8659587294382,1,1,1,0,"Ellipses"
0.482511243245767,20.4031951926094,0,1,1,1,"Ellipses"
0.237104085868504,42.3338169536429,3,0,0,0,"Ellipses"
0.25301295968474,62.333539556775,1,0,2,0,"Ellipses"
0.537794182881372,16.2193203813904,1,1,1,0,"Ellipses"
0.0616747154913313,183.732631052091,0,1,1,1,"Ellipses"
0.395944731917526,33.5152807859686,2,1,0,0,"Ellipses"
-0.0683841232151104,1725.42139641215,2,1,0,0,"Ellipses"
0.575797272940801,12.4683168173147,1,0,0,2,"Ellipses"
-0.0779933923641731,1303.24693956311,1,1,0,1,"Ellipses"
0.556398169593112,14.1281399359786,1,1,0,1,"Ellipses"
0.208762795417675,56.223540353764,2,0,1,0,"Ellipses"
0.244645859963349,51.9695415898823,2,0,0,1,"Ellipses"
0.202685380950831,63.7506664088963,2,0,0,1,"Ellipses"
0.332113067400709,32.9791026599093,2,0,0,1,"Ellipses"
0.324808168743423,31.6893508666481,1,1,1,0,"Ellipses"
0.130112857513152,81.0689332905321,3,0,0,0,"Ellipses"
-0.0655778733447842,1668.04832673022,0,1,2,0,"Ellipses"
0.245539094826569,63.5180174948418,1,1,0,1,"Ellipses"
-0.0266336007835522,222.632216272759,1,2,0,0,"Ellipses"
-0.0814883319837566,539.585826422366,2,1,0,0,"Ellipses"
0.150888795585454,82.8772259657233,1,1,0,1,"Ellipses"
0.362328126857415,56.5907079790854,0,2,1,0,"Ellipses"
0.150922885214574,54.8197417694174,3,0,0,0,"Ellipses"
-0.120155590659077,1917.89685653669,1,2,0,0,"Ellipses"
-0.0437598170029514,2368.31266023741,1,1,0,1,"Ellipses"
0.11797775016198,59.6787149799298,0,1,0,2,"Ellipses"
-0.0324909775735567,375.329678833862,1,1,0,1,"Ellipses"
0.10520574241201,52.1278530576242,3,0,0,0,"Ellipses"
0.0316072306487981,54.6884238175644,0,0,1,2,"Ellipses"
-0.0635257194221531,3060.02041350784,0,1,1,1,"Ellipses"
-0.0795072183341407,20004.1845846944,1,0,0,2,"Ellipses"
0.167670938858402,46.7906702074601,0,2,0,1,"Ellipses"
0.179742424962306,36.4393623036487,2,0,1,0,"Ellipses"
0.403738238430629,14.9232194103662,0,0,3,0,"Ellipses"
-0.100455985367383,986.298501568427,2,1,0,0,"Ellipses"
0.322078015509832,35.357219466448,3,0,0,0,"Ellipses"
0.323379678888044,35.1111278174573,1,0,2,0,"Ellipses"
0.337347395390196,34.964913782869,2,0,0,1,"Ellipses"
0.428226420336122,39.8019908247106,2,1,0,0,"Ellipses"
-0.0636153768909119,1840.45745060359,0,3,0,0,"Ellipses"
0.42908488477811,39.5073160025387,2,1,0,0,"Ellipses"
0.358683779034264,29.8795367969359,1,0,1,1,"Ellipses"
0.0898602961189458,61.7780384745289,1,0,1,1,"Ellipses"
0.167443292089342,54.9909984889025,2,0,1,0,"Ellipses"
0.0823960757241513,93.7263564986062,1,0,0,2,"Ellipses"
-0.0389326993816864,4454.80663528879,0,0,0,3,"Ellipses"
0.458800430648088,34.8342757096588,1,1,0,1,"Ellipses"
0.416919903894557,30.5596190028406,1,1,1,0,"Ellipses"
-0.0792197181492052,1355.12469082871,0,0,2,1,"Ellipses"
0.236616493084002,33.6633769196129,2,0,1,0,"Ellipses"
0.484248157372192,23.7449158933215,2,1,0,0,"Ellipses"
-0.0809232833908937,287.000797144129,2,1,0,0,"Ellipses"
0.501793497040965,22.7502938707186,1,1,0,1,"Ellipses"
-0.0856815329111963,173.292283649298,0,2,1,0,"Ellipses"
-0.0650063678655801,567.198592822463,1,2,0,0,"Ellipses"
0.4708179552206,21.532359919152,0,1,2,0,"Ellipses"
0.122274180953271,82.5712266834427,2,1,0,0,"Ellipses"
-0.0571207488003594,1081.33157000069,1,1,1,0,"Ellipses"
0.318205014962825,32.3058829798665,2,0,0,1,"Ellipses"
0.406185658535033,13.417175281452,1,0,1,1,"Ellipses"
-0.0780706920605337,535.765762224082,1,0,0,2,"Ellipses"
0.284302495536133,40.6049075705355,1,0,2,0,"Ellipses"
0.188209882433018,68.3047363535557,1,1,0,1,"Ellipses"
-0.0668746561577387,2441.82987461391,1,1,1,0,"Ellipses"
0.0674500463975423,130.382273312256,0,1,0,2,"Ellipses"
-0.0375585071488764,293.695099928901,1,1,0,1,"Ellipses"
0.124509870950323,60.7529314630293,1,0,1,1,"Ellipses"
0.517294538671352,22.6675767638296,2,0,0,1,"Ellipses"
0.378693835030192,32.4101376017618,2,0,0,1,"Ellipses"
0.174234937463412,50.1000501359264,2,0,1,0,"Ellipses"
0.229483367506273,56.4382043251446,2,0,1,0,"Ellipses"
0.283683866853126,32.5723487267266,2,1,0,0,"Ellipses"
0.385418324804987,127.425283347269,0,2,1,0,"Ellipses"
0.17029761569497,50.2801303792962,2,0,1,0,"Ellipses"
0.286001094440514,32.6665645539872,1,0,2,0,"Ellipses"
0.261951617456385,49.907915912833,0,0,2,1,"Ellipses"
-0.0557048087517318,1969.0143351891,0,1,1,1,"Ellipses"
-0.0360629970840629,4445.29945461875,1,0,0,2,"Ellipses"
0.035120306167072,113.75298826308,2,0,0,1,"Ellipses"
0.442237175334935,22.6860195332724,1,0,2,0,"Ellipses"
0.410012281156119,28.1203130185169,0,1,2,0,"Ellipses"
0.255124559312475,88.0242065481846,1,2,0,0,"Ellipses"
-0.0536888115435191,1408.22011105265,1,1,1,0,"Ellipses"
0.819491716970239,3.05493646477357,0,0,1,2,"Ellipses"
0.441866383143391,24.6626890293896,1,0,2,0,"Ellipses"
0.376346887340204,16.852836079996,1,0,1,1,"Ellipses"
0.379479734921283,28.1192551693928,1,0,1,1,"Ellipses"
-0.043699604170966,2548.20401570389,1,1,0,1,"Ellipses"
0.412717725310682,17.0063212963426,1,0,2,0,"Ellipses"
0.104089066936404,169.822521558188,0,0,0,3,"Ellipses"
0.512057862209439,7.82560052037725,0,0,1,2,"Ellipses"
0.304423346183225,25.2753578000286,1,0,2,0,"Ellipses"
-0.062055305321479,215.556070357905,0,1,1,1,"Ellipses"
0.265993195831682,84.8134880851966,1,0,1,1,"Ellipses"
0.340735496250361,33.2845874396594,2,0,0,1,"Ellipses"
0.216118222730187,73.4043216690885,1,1,1,0,"Ellipses"
0.214603274473855,42.1165531770994,2,0,1,0,"Ellipses"
0.174868179181431,80.7522980069543,3,0,0,0,"Ellipses"
0.254368091308114,43.921420659662,2,0,1,0,"Ellipses"
0.391880468296146,46.1391973986189,2,0,0,1,"Ellipses"
0.0307323488948017,187.566159587922,1,2,0,0,"Ellipses"
0.462306786929861,18.5294782839495,1,0,0,2,"Ellipses"
0.20195139389769,80.3465735676362,2,0,0,1,"Ellipses"
0.496897275038239,17.3745676719114,1,0,2,0,"Ellipses"
-0.0418702543581079,2750.55047874418,2,0,0,1,"Ellipses"
0.271333645957172,20.4303981305016,1,1,1,0,"Ellipses"
0.35385970478818,22.7569005538532,1,0,2,0,"Ellipses"
0.483292857986695,24.5606897474697,0,1,0,2,"Ellipses"
-0.0397833188870352,216.891810434567,0,1,1,1,"Ellipses"
0.447004332795801,24.0970235689311,2,0,1,0,"Ellipses"
0.368003043710556,42.1656279735426,2,1,0,0,"Ellipses"
-0.058144281129915,516.736755073196,1,1,0,1,"Ellipses"
0.267929506847647,55.843700470398,2,1,0,0,"Ellipses"
0.52082485441651,17.0076762725499,1,1,0,1,"Ellipses"
-0.0733451499417752,2715.68222866726,0,1,1,1,"Ellipses"
-0.112102205219648,1888.63084186491,1,2,0,0,"Ellipses"
-0.0666440609461686,350.79720919955,0,0,2,1,"Ellipses"
0.308575166586226,59.7272070792262,1,0,1,1,"Ellipses"
0.263611614503556,42.9824944909871,1,0,1,1,"Ellipses"
0.410888644538423,18.0353718658878,2,0,1,0,"Ellipses"
0.238205031605169,39.4262098332694,1,0,1,1,"Ellipses"
0.374933283977043,42.1470906990007,1,1,1,0,"Ellipses"
0.476922378989305,10.7641448279929,0,0,2,1,"Ellipses"
-0.063195251551477,1203.01435584277,0,0,1,2,"Ellipses"
0.211989618277908,27.506485599008,1,0,2,0,"Ellipses"
0.190889902574077,35.9817869128073,1,0,2,0,"Ellipses"
0.125500119419572,80.5046159648336,2,0,1,0,"Ellipses"
0.339588495537023,59.2258087250848,3,0,0,0,"Ellipses"
0.521396330556568,16.8644282419341,1,0,2,0,"Ellipses"
0.19534431332734,85.3154839671518,2,1,0,0,"Ellipses"
0.417575498254132,18.9934066775731,1,1,1,0,"Ellipses"
0.646923374101511,11.7523468167343,0,1,0,2,"Ellipses"
-0.0873735658726076,395.795712221044,0,2,0,1,"Ellipses"
-0.062338185322089,125.135088993345,1,0,1,1,"Ellipses"
0.192280693994717,76.5110185979633,2,0,1,0,"Ellipses"
-0.0759206954132045,2844.63978469059,1,1,0,1,"Ellipses"
-0.106386372783855,1528.74891949601,1,1,0,1,"Ellipses"
0.46493534013921,36.3398691702596,1,1,1,0,"Ellipses"
0.229272807099194,32.5413890451842,1,0,2,0,"Ellipses"
0.530806883687955,21.1523255419667,1,1,1,0,"Ellipses"
0.201497591773297,53.5375654817257,3,0,0,0,"Ellipses"
0.254577257415188,98.26075074835,2,0,0,1,"Ellipses"
0.386508567277385,25.1276964623831,1,0,1,1,"Ellipses"
0.0444577900731301,143.522667670772,2,0,0,1,"Ellipses"
0.152149199403636,366.969171275608,1,0,1,1,"Ellipses"
0.343060553666802,40.5732439727707,2,1,0,0,"Ellipses"
0.434387814343593,34.6431346952582,1,1,0,1,"Ellipses"
0.26449181132091,32.4921145112634,2,1,0,0,"Ellipses"
0.0226622892118139,203.634629749233,1,1,0,1,"Ellipses"
0.457283035463962,24.1542551055671,1,0,0,2,"Ellipses"
0.302881690324054,37.9819886053953,0,2,0,1,"Ellipses"
0.255790066755408,36.705255078944,2,0,0,1,"Ellipses"
0.386406767596096,32.0506781103514,2,1,0,0,"Ellipses"
0.00996896305141334,687.834616002656,2,0,0,1,"Ellipses"
0.28468886234406,33.8918013255009,1,0,2,0,"Ellipses"
-0.0963130820201691,235.938366472108,1,1,1,0,"Ellipses"
0.30338783844959,44.9140938320068,2,0,0,1,"Ellipses"
0.388973376006856,22.7096599183079,0,1,1,1,"Ellipses"
-0.0431114958117384,341.331482395743,1,1,1,0,"Ellipses"
0.373827739323652,38.8780445378507,2,1,0,0,"Ellipses"
0.27800724496328,38.5486924849684,0,2,0,1,"Ellipses"
-0.0799795688974532,1848.45298457052,1,0,0,2,"Ellipses"
0.224345351409008,74.4296286889812,1,1,0,1,"Ellipses"
-0.0744855692137271,1614.48699885712,1,0,1,1,"Ellipses"
0.569310372279265,9.047964841495,0,0,1,2,"Ellipses"
-0.0501601640188577,374.214380376472,2,1,0,0,"Ellipses"
0.458408720930608,22.2957449559769,1,1,0,1,"Ellipses"
0.285365023105161,27.3443606067353,1,0,1,1,"Ellipses"
0.57139298295006,17.3322693669952,0,2,1,0,"Ellipses"
-0.0973711196040733,672.568806557039,2,1,0,0,"Ellipses"
-0.0760355649743868,538.751130788371,1,1,1,0,"Ellipses"
0.405726306685055,32.5988534322143,1,1,1,0,"Ellipses"
0.280918096409236,41.1902649395487,3,0,0,0,"Ellipses"
0.178926697486736,64.1432355280685,2,0,1,0,"Ellipses"
0.380130711473694,38.6795945050866,2,0,1,0,"Ellipses"
0.33871869455069,45.6709083354539,3,0,0,0,"Ellipses"
-0.0740328075760663,1992.45164152212,1,2,0,0,"Ellipses"
-0.0741547920003359,1453.0097954408,1,0,0,2,"Ellipses"
0.125822072906556,75.7791292153807,1,0,0,2,"Ellipses"
0.315040417018859,64.7269967685818,0,2,1,0,"Ellipses"
0.101756195483869,97.3330423780329,1,1,0,1,"Ellipses"
-0.0797853234051616,478.690985453509,0,1,2,0,"Ellipses"
0.25747786967643,27.4872727199241,1,0,1,1,"Ellipses"
0.467491889080491,25.0007542929005,1,1,0,1,"Ellipses"
-0.116379926746002,349.889672501219,0,2,1,0,"Ellipses"
-0.0710691794930538,2044.42183308085,1,2,0,0,"Ellipses"
0.325584587604088,59.821265322699,3,0,0,0,"Ellipses"
0.290787265770862,40.8246027476777,2,1,0,0,"Ellipses"
0.165333356474682,305.033012424117,2,0,0,1,"Ellipses"
0.100199675154097,107.777005704808,1,0,0,2,"Ellipses"
-0.0675792374466347,2746.26034938862,2,1,0,0,"Ellipses"
-0.0694489881242895,301.760765294543,0,0,0,3,"Ellipses"
0.270553953877747,32.9132734392509,2,0,1,0,"Ellipses"
0.239860590681169,37.1897372048527,2,0,1,0,"Ellipses"
0.105396656815068,151.648131340611,0,0,1,2,"Ellipses"
0.500764117965474,25.1424256573883,0,2,1,0,"Ellipses"
0.470848751900942,23.1537475650972,1,1,1,0,"Ellipses"
0.0565370302112588,11138.1186101491,2,0,0,1,"Ellipses"
0.260387758590294,39.7351885656131,1,1,1,0,"Ellipses"
0.170969495581451,53.1567512550559,1,1,1,0,"Ellipses"
0.151003983812143,60.1419903638642,1,0,1,1,"Ellipses"
0.137282713870868,55.1458879400532,1,1,1,0,"Ellipses"
0.299439072082086,38.6475174183904,2,0,1,0,"Ellipses"
0.182608699538015,66.7775091503724,1,0,1,1,"Ellipses"
-0.0918026779013146,614.388970926901,1,1,0,1,"Ellipses"
-0.0572287081448751,351.241235538261,2,0,0,1,"Ellipses"
0.617217427022369,12.3896414363648,2,0,1,0,"Ellipses"
0.212052998143526,53.1377573575903,0,1,0,2,"Ellipses"
0.256973713128716,56.1738129771494,3,0,0,0,"Ellipses"
0.117453110370469,187.875356147474,1,1,0,1,"Ellipses"
-0.0290460928871145,266.671408551667,2,0,0,1,"Ellipses"
0.404433465228088,24.2661261390949,0,1,1,1,"Ellipses"
0.457518572177302,11.8838888527607,0,0,3,0,"Ellipses"
0.21383172881269,34.54117129328,1,1,1,0,"Ellipses"
0.177485966604227,70.9284995173917,3,0,0,0,"Ellipses"
-0.0581771747681832,386.785629662241,1,0,1,1,"Ellipses"
0.33646710575375,38.9977686507464,2,0,1,0,"Ellipses"
-0.13382423880111,586.810610853026,1,1,0,1,"Ellipses"
0.218348627394222,59.9114743885791,2,1,0,0,"Ellipses"
0.13168837266323,56.7200950797005,1,0,1,1,"Ellipses"
0.116679747621388,58.3449711108911,1,1,1,0,"Ellipses"
0.145214525079786,106.935624881255,0,1,0,2,"Ellipses"
-0.0580581675458252,1639.85272308104,2,1,0,0,"Ellipses"
0.300478692678123,25.009320653227,2,0,1,0,"Ellipses"
-0.0733873471440573,1229.72359204098,1,1,0,1,"Ellipses"
-0.0629957013889643,362.920649389803,2,1,0,0,"Ellipses"
0.395322260675309,33.737620676643,1,0,0,2,"Ellipses"
0.461548020540364,20.3245101696055,0,0,2,1,"Ellipses"
-0.0615451820161817,2577.31240982205,2,1,0,0,"Ellipses"
-0.0623732388162662,236.720257148549,2,1,0,0,"Ellipses"
0.287703801997604,55.4780035247879,1,1,0,1,"Ellipses"
0.422773068288186,53.772292652763,2,1,0,0,"Ellipses"
0.247554470103189,56.4913257893955,2,1,0,0,"Ellipses"
0.432792172233864,24.2501050942593,1,1,1,0,"Ellipses"
0.174768931796799,55.0892618710715,1,1,1,0,"Ellipses"
0.201107289936383,47.0990120111119,2,0,1,0,"Ellipses"
0.334672546763445,51.584493780234,2,0,0,1,"Ellipses"
-0.0539386056543698,462.653216033389,2,1,0,0,"Ellipses"
0.531049432769834,24.0897728053569,1,1,1,0,"Ellipses"
-0.0714828289199897,2441.25193270636,1,1,1,0,"Ellipses"
0.258861886716494,54.4520486232805,1,1,1,0,"Ellipses"
0.310065541406047,37.7743020313764,1,0,1,1,"Ellipses"
-0.0684876370152501,1881.18193101276,1,1,1,0,"Ellipses"
-0.0732971392534213,1578.96938963599,1,0,1,1,"Ellipses"
0.422268013804606,29.7671983439652,1,1,1,0,"Ellipses"
0.0528629147356996,115.959032975955,1,0,0,2,"Ellipses"
0.50537243871549,60.4924242537743,1,0,1,1,"Ellipses"
0.090957162717123,182.820676617386,2,0,1,0,"Ellipses"
0.365541034583347,29.9355478366424,2,0,1,0,"Ellipses"
0.272829996769109,36.0347241254091,2,0,1,0,"Ellipses"
-0.0420530482883624,132.805413464123,0,0,0,3,"Ellipses"
0.139070071910323,73.146986626009,2,0,0,1,"Ellipses"
0.266577570991535,53.7666648824249,2,0,0,1,"Ellipses"
-0.0871673258021534,659.114385326654,1,1,0,1,"Ellipses"
0.381747393421516,12.6734461409263,0,1,1,1,"Ellipses"
-0.073439193641127,1247.7868531499,0,1,0,2,"Ellipses"
0.641786440628453,7.84344055839644,1,0,1,1,"Ellipses"
-0.0742479299838608,305.552504273185,1,1,1,0,"Ellipses"
0.375043288490086,29.611959256937,2,0,1,0,"Ellipses"
0.339598062463529,28.3013055506529,1,0,1,1,"Ellipses"
0.443412204468671,27.2758583900781,1,0,0,2,"Ellipses"
-0.0543111248836994,4175.74645585528,0,1,2,0,"Ellipses"
0.00957673393240999,107.152355572291,0,1,0,2,"Ellipses"
0.14973232876369,45.8704060331872,1,0,1,1,"Ellipses"
0.35824262210896,22.7403185690824,0,0,1,2,"Ellipses"
0.262640136021809,35.3966302970547,0,1,0,2,"Ellipses"
0.505957793549272,27.9106014178014,1,1,0,1,"Ellipses"
0.222057092675414,90.538709770862,1,1,0,1,"Ellipses"
-0.0347179499144064,357.207117070031,1,0,1,1,"Ellipses"
0.254505028028523,42.0200377552644,1,1,1,0,"Ellipses"
0.208691308551349,33.0968474620395,1,0,2,0,"Ellipses"
0.222358910723977,43.201871909289,2,0,1,0,"Ellipses"
0.160837500970226,97.8205295028827,1,0,0,2,"Ellipses"
-0.0446083541085008,457.130408251116,1,0,0,2,"Ellipses"
-0.035012132395202,79920.1293527617,1,0,1,1,"Ellipses"
0.320127244372208,44.5386103591131,3,0,0,0,"Ellipses"
0.430596635149507,40.9714727556728,2,0,0,1,"Ellipses"
0.234111760865428,48.6432824184017,3,0,0,0,"Ellipses"
-0.0374290580888406,228.397518466237,0,1,1,1,"Ellipses"
-0.0761535469517022,2567.36043847961,1,1,0,1,"Ellipses"
-0.0729743097040398,472.515548530856,1,1,0,1,"Ellipses"
0.37564383435697,53.9034502137969,0,0,0,3,"Ellipses"
0.439532408266787,28.4363134608215,0,0,2,1,"Ellipses"
0.192374882509762,43.0160484983762,2,0,1,0,"Ellipses"
0.332673419480672,31.0274446605767,2,0,1,0,"Ellipses"
-0.0882289926751351,1635.70515365521,1,2,0,0,"Ellipses"
0.243655388131728,52.5357941853924,3,0,0,0,"Ellipses"
0.408952747688976,27.1098526630012,0,1,2,0,"Ellipses"
0.568983124134863,18.0731622556773,1,2,0,0,"Ellipses"
0.284849739777688,30.9857526478841,2,0,1,0,"Ellipses"
0.026451475074473,153.162047229326,0,0,1,2,"Ellipses"
0.163807461915602,78.4884262355759,3,0,0,0,"Ellipses"
-0.00838704224514837,178.868818733673,1,1,1,0,"Ellipses"
0.362827610879855,31.2768838384587,2,0,0,1,"Ellipses"
0.4080216446849,24.1452715537827,0,3,0,0,"Ellipses"
0.148952357573454,101.017343955387,1,1,1,0,"Ellipses"
0.364073676775912,41.1361800453852,2,0,1,0,"Ellipses"
0.386822237849856,23.7696114044425,2,0,0,1,"Ellipses"
0.488069565917558,20.5041772991418,0,1,1,1,"Ellipses"
0.196020058356416,62.0419330757013,2,0,0,1,"Ellipses"
0.253714741831182,45.8349395608434,2,0,0,1,"Ellipses"
0.0486803906063923,134.843897198668,0,1,1,1,"Ellipses"
0.0181033193610278,150.635096099142,2,0,0,1,"Ellipses"
-0.0948601565341272,529.86154288009,1,2,0,0,"Ellipses"
0.54669257363493,16.9938217218369,0,2,1,0,"Ellipses"
0.183275105325758,51.213532614702,1,0,1,1,"Ellipses"
0.441628934488093,23.817293930388,2,1,0,0,"Ellipses"
-0.058990060976849,323.854693061321,2,0,0,1,"Ellipses"
0.286426429666002,29.5088610414796,1,0,2,0,"Ellipses"
0.270311542374473,29.6633497077092,2,0,0,1,"Ellipses"
0.241313699834,53.8483046077365,2,0,1,0,"Ellipses"
0.414048589732513,20.2778690972422,1,0,2,0,"Ellipses"
0.34728939242363,36.2289581222495,1,2,0,0,"Ellipses"
0.281638629800975,42.8345673977569,2,1,0,0,"Ellipses"
0.413380903546424,14.4890328941646,0,0,2,1,"Ellipses"
0.339488691683653,58.5828421713508,3,0,0,0,"Ellipses"
-0.00291425713665219,236.881990368448,1,2,0,0,"Ellipses"
0.313471173446905,31.7204919213848,1,0,1,1,"Ellipses"
0.462147536710555,35.77967568137,1,1,0,1,"Ellipses"
-0.0240746130741963,201.32226940178,2,0,0,1,"Ellipses"
0.497786256948321,8.80772483006485,0,1,1,1,"Ellipses"
0.482474705275732,16.9997963143397,1,0,1,1,"Ellipses"
0.407583615001292,54.227843359693,0,2,0,1,"Ellipses"
0.207284296706796,46.5685706666243,2,0,1,0,"Ellipses"
-0.0578591441411738,1101.41105980308,1,0,0,2,"Ellipses"
0.119957643679004,59.3789967519096,3,0,0,0,"Ellipses"
0.21123213656959,45.4863050892439,0,1,2,0,"Ellipses"
0.159648072413277,102.854375733354,1,1,1,0,"Ellipses"
0.442533078149325,14.8782357948038,0,1,2,0,"Ellipses"
0.386993181462938,32.6395264555755,1,1,1,0,"Ellipses"
0.137067958748962,65.0986368276914,1,0,0,2,"Ellipses"
0.397659658073402,47.9919765514313,2,1,0,0,"Ellipses"
0.0388267981598226,92.4968262689954,1,1,1,0,"Ellipses"
0.151016529677452,111.205206638764,0,1,1,1,"Ellipses"
0.407101728510851,25.2745437926712,1,1,1,0,"Ellipses"
0.195215252786647,72.5201657969965,1,1,1,0,"Ellipses"
0.340939715240321,33.7424213295745,2,1,0,0,"Ellipses"
0.0809049205502283,57.3868119425993,1,0,1,1,"Ellipses"
0.41434215714965,45.8078266805613,3,0,0,0,"Ellipses"
-0.0649621997289917,342.685786138254,2,0,0,1,"Ellipses"
-0.0657168364259486,1627.06507344149,0,2,1,0,"Ellipses"
0.153579376935574,69.6963293827398,1,1,0,1,"Ellipses"
0.503565060376104,22.5861868457101,1,1,1,0,"Ellipses"
-0.0284181363394593,164.680128140377,0,1,2,0,"Ellipses"
-0.10381336187365,2190.01852438297,0,2,0,1,"Ellipses"
0.399650292630516,28.1973120235977,1,2,0,0,"Ellipses"
-0.191269596191478,468.339808631173,0,2,0,1,"Ellipses"
-0.102654154867423,646.405012112542,1,1,0,1,"Ellipses"
0.116922985451457,54.1825478424885,1,0,1,1,"Ellipses"
0.433811021154624,37.8585387490734,2,0,0,1,"Ellipses"
0.423383957541367,38.5673451318807,0,3,0,0,"Ellipses"
-0.0530918340991009,14314.107932309,1,0,1,1,"Ellipses"
0.260742256519464,49.4076317776029,2,1,0,0,"Ellipses"
0.203690857622355,116.10533885661,2,0,0,1,"Ellipses"
-0.0559828164419378,1169.78137179498,1,2,0,0,"Ellipses"
0.417224807043174,39.1091842280711,3,0,0,0,"Ellipses"
0.495077279082569,19.2064738996168,1,2,0,0,"Ellipses"
0.141565434697587,49.5946227438914,2,1,0,0,"Ellipses"
0.547168410947064,20.644282547411,1,1,0,1,"Ellipses"
-0.0801064802691154,876.159315095044,1,1,0,1,"Ellipses"
0.29270727699119,34.0695564841826,1,0,2,0,"Ellipses"
0.262408502413339,18.380944620116,0,0,2,1,"Ellipses"
-0.109573443173509,2514.58616133222,1,1,0,1,"Ellipses"
0.427510860953237,15.3577119890481,1,0,2,0,"Ellipses"
0.216047028268058,37.144275999083,1,0,1,1,"Ellipses"
0.324900877024688,61.600780774102,2,1,0,0,"Ellipses"
0.336902224332442,54.7672235166918,3,0,0,0,"Ellipses"
0.536143636610658,15.6735050669739,0,0,3,0,"Ellipses"
-0.068165034719375,1865.92482331743,0,1,1,1,"Ellipses"
0.1581344195805,47.0740160012342,2,0,1,0,"Ellipses"
0.138710931534297,68.810959572168,1,1,1,0,"Ellipses"
0.203985338478654,61.7640914637383,0,1,1,1,"Ellipses"
0.249823971089974,88.1747176194733,0,0,0,3,"Ellipses"
0.406215734848108,34.5368526436756,2,1,0,0,"Ellipses"
0.29052548495962,72.0505855060186,2,1,0,0,"Ellipses"
0.591925495596365,24.0855816620107,1,1,0,1,"Ellipses"
-0.0865340955756796,594.32233508872,1,1,0,1,"Ellipses"
-0.072920464083901,1865.64971590694,0,2,1,0,"Ellipses"
0.542255024814965,14.6056766278841,1,1,1,0,"Ellipses"
0.639134467010147,7.94127578047537,0,1,2,0,"Ellipses"
0.0955129981509139,85.9640300456811,1,0,1,1,"Ellipses"
0.0634001039445655,176.287925359777,2,1,0,0,"Ellipses"
0.371594527206813,36.161523146944,3,0,0,0,"Ellipses"
0.333601060006308,29.1480882496293,1,0,1,1,"Ellipses"
0.177086750703569,54.1426278706543,2,0,1,0,"Ellipses"
0.374549885742912,34.3362593865291,2,0,1,0,"Ellipses"
0.571374707568312,19.7747839917297,1,0,1,1,"Ellipses"
-0.0748838912245134,290.378136538325,1,0,1,1,"Ellipses"
0.314882352214557,27.2091951204988,1,0,2,0,"Ellipses"
0.418901258162312,47.2175717198419,2,1,0,0,"Ellipses"
0.113246589080618,62.0503862381042,1,0,1,1,"Ellipses"
0.275299783124415,57.6433834804986,1,2,0,0,"Ellipses"
0.445923127927504,13.8161507482787,0,1,1,1,"Ellipses"
0.190476456588625,57.0893205299901,1,0,2,0,"Ellipses"
0.32978160618073,21.3724380090469,1,1,1,0,"Ellipses"
0.112287471006237,101.693315783803,2,1,0,0,"Ellipses"
0.47685540888813,20.3614303324041,1,0,2,0,"Ellipses"
-0.0852486073257031,3639.98845792522,1,1,0,1,"Ellipses"
0.0111230127207132,115.892109661116,2,1,0,0,"Ellipses"
0.0455481942848048,68.641551606602,0,1,2,0,"Ellipses"
0.123458502849136,65.0543133450433,3,0,0,0,"Ellipses"
-0.081303000071507,3478.89550015013,1,1,0,1,"Ellipses"
-0.116781374380934,1897.50585244556,0,3,0,0,"Ellipses"
0.115923221178229,137.733191277747,0,1,0,2,"Ellipses"
0.373693130137323,44.3694967838376,0,2,1,0,"Ellipses"
0.0506425691460673,148.147562449908,1,2,0,0,"Ellipses"
-0.0710924169290739,596.157466947894,1,1,0,1,"Ellipses"
0.267326189059502,62.0738357063457,2,0,1,0,"Ellipses"
0.122622156509443,62.5935322391214,0,1,1,1,"Ellipses"
-0.070550382105915,3666.76099964936,1,1,0,1,"Ellipses"
-0.178916530197629,3241.53290884572,0,3,0,0,"Ellipses"
-0.111488877700785,546.598309719714,0,2,0,1,"Ellipses"
0.347398990850059,32.9281508828144,1,0,0,2,"Ellipses"
0.197797908715252,75.9508425600021,3,0,0,0,"Ellipses"
0.0940024292506017,141.767588042133,2,1,0,0,"Ellipses"
0.205817726543933,52.3476481254144,2,0,1,0,"Ellipses"
0.112258422002033,12837.8700789955,2,0,0,1,"Ellipses"
-0.0830661774598349,682.070844001596,1,2,0,0,"Ellipses"
0.253312436030191,70.6379793524167,1,1,0,1,"Ellipses"
0.393062774230719,25.3517433505822,1,1,1,0,"Ellipses"
0.00558067156864488,244.288272478564,1,1,0,1,"Ellipses"
0.441826379621226,17.4366459663839,2,0,1,0,"Ellipses"
0.0940403331692224,61.4612806906028,1,0,1,1,"Ellipses"
0.337875034396541,44.1478805418095,2,1,0,0,"Ellipses"
-0.0603321285549064,1782.31410629338,2,1,0,0,"Ellipses"
-0.068341396301744,1327.21459199578,1,0,1,1,"Ellipses"
-0.0585035787174175,198.453450127527,1,2,0,0,"Ellipses"
0.325645438633337,34.2305130497021,1,0,1,1,"Ellipses"
-0.0710029632409394,56861.4265467715,2,0,0,1,"Ellipses"
-0.0262649910847989,238.14615861901,0,2,1,0,"Ellipses"
-0.0196239637661045,1168.08042571914,1,1,1,0,"Ellipses"
-0.0897447369359386,1150.64660025098,0,0,2,1,"Ellipses"
0.170867415659351,60.21804744332,2,0,0,1,"Ellipses"
0.357771886142156,22.3581396177459,2,0,1,0,"Ellipses"
0.409561850396976,39.066833335991,2,0,1,0,"Ellipses"
0.266532402510884,45.4015599660241,2,0,1,0,"Ellipses"
0.201638628297485,84.7521878819265,2,0,0,1,"Ellipses"
-0.0733545639216619,716.966479989444,2,1,0,0,"Ellipses"
0.242716026831593,126.913424136627,1,1,0,1,"Ellipses"
0.184839714569004,83.8096497396549,1,1,0,1,"Ellipses"
0.0847630485594253,53.7969239953405,0,0,2,1,"Ellipses"
0.228340230926767,42.5667455190088,0,1,1,1,"Ellipses"
0.409654042793153,45.4884688023607,1,0,1,1,"Ellipses"
0.351038978898958,30.2861175818558,2,0,0,1,"Ellipses"
-0.0785497883537759,3759.37299367934,1,1,1,0,"Ellipses"
-0.0967601657066023,729.641453000531,2,1,0,0,"Ellipses"
0.391919371342057,50.1985365046213,1,2,0,0,"Ellipses"
0.461446435489152,50.8982670754771,2,0,0,1,"Ellipses"
0.104019406013593,99.2011116352816,2,0,0,1,"Ellipses"
0.0679057256789265,89.2748687124302,2,1,0,0,"Ellipses"
0.235307155414838,67.5606676143694,1,1,1,0,"Ellipses"
0.213832436866345,60.0678826238317,3,0,0,0,"Ellipses"
0.210599857648875,43.513675741469,1,0,1,1,"Ellipses"
-0.0903897474071333,739.233134562436,0,2,1,0,"Ellipses"
0.33278190876874,23.320028350768,3,0,0,0,"Ellipses"
0.30180631531171,53.5634966794826,1,2,0,0,"Ellipses"
0.185418673917835,52.4678429212154,3,0,0,0,"Ellipses"
0.326118948342501,21.1703283023424,2,0,1,0,"Ellipses"
0.10117641737517,101.119438631807,0,1,0,2,"Ellipses"
-0.108117945582682,1188.02641029546,1,2,0,0,"Ellipses"
0.424683135936599,26.6230392532369,1,1,0,1,"Ellipses"
0.501608340316374,10.7198297144344,0,1,2,0,"Ellipses"
0.170237819052898,98.5362855037218,2,0,0,1,"Ellipses"
0.381367403836076,33.6177236059561,1,0,1,1,"Ellipses"
0.345716481907378,44.3536930299692,1,0,1,1,"Ellipses"
-0.0978469955920486,583.728411940624,0,1,1,1,"Ellipses"
0.298824544384736,67.274004191729,2,1,0,0,"Ellipses"
0.311840900345639,31.5520059279218,1,0,1,1,"Ellipses"
0.169666112769668,60.3248238576409,2,0,1,0,"Ellipses"
0.430481643454038,30.1060681955339,2,1,0,0,"Ellipses"
0.61293370746347,10.5673149902944,0,1,2,0,"Ellipses"
0.481140835728376,30.5175867032792,1,1,1,0,"Ellipses"
0.173848433463177,52.1958340062509,1,1,1,0,"Ellipses"
-0.0784585553352523,1324.17995282907,2,0,0,1,"Ellipses"
0.267819018176486,40.1306369498329,1,1,1,0,"Ellipses"
0.351560174992433,24.521511337389,1,1,1,0,"Ellipses"
0.295708154198073,30.3307193253966,1,1,0,1,"Ellipses"
0.236079792431406,33.8958428330028,1,0,1,1,"Ellipses"
-0.000900764479233714,208.055272881416,2,1,0,0,"Ellipses"
-0.0732707507409704,430.776540504472,0,1,1,1,"Ellipses"
0.490643545011383,16.320597592702,1,0,1,1,"Ellipses"
-0.0584234495041694,1220.20841747497,1,1,0,1,"Ellipses"
0.26822865665902,68.3337334433959,1,1,0,1,"Ellipses"
-0.0519071950418633,397.964310924928,2,0,0,1,"Ellipses"
0.23016596300999,38.3755193772715,2,1,0,0,"Ellipses"
-0.0417179544671659,3643.72974630178,1,1,0,1,"Ellipses"
0.104620677069053,86.8616249923845,2,0,0,1,"Ellipses"
0.121950517734618,73.4877033768142,2,0,1,0,"Ellipses"
-0.0582057835063626,4022.77046717217,0,2,1,0,"Ellipses"
0.0124822501086771,155.889316064444,1,1,1,0,"Ellipses"
0.522505347091459,678.978194781601,1,0,0,2,"Ellipses"
0.0487593994583444,81.4321566370092,3,0,0,0,"Ellipses"
0.344295341402891,26.4179958792557,2,0,1,0,"Ellipses"
0.0714288869849975,164.462678677368,1,0,0,2,"Ellipses"
0.439741676419701,40.2190716772124,1,1,1,0,"Ellipses"
0.403188732802931,17.4948320225948,1,0,2,0,"Ellipses"
0.322306947449248,59.9822524071122,2,0,0,1,"Ellipses"
-0.0152960771097535,362.35838445749,1,2,0,0,"Ellipses"
0.619302697568333,7.80762002131338,0,0,2,1,"Ellipses"
0.276395364975005,32.9135328663028,2,0,1,0,"Ellipses"
0.247161035728682,39.3788109021475,2,0,1,0,"Ellipses"
-0.062585759092019,370.575832654074,2,0,0,1,"Ellipses"
0.197877366365854,59.7982188593728,1,1,1,0,"Ellipses"
0.243529236441574,48.4624041418235,2,0,1,0,"Ellipses"
-0.0507576553042915,633.859289299441,2,1,0,0,"Ellipses"
0.433507378529407,16.2393955390141,1,0,2,0,"Ellipses"
0.0161574024825813,129.742445702103,1,0,1,1,"Ellipses"
0.40107135279313,29.6361786243044,1,1,1,0,"Ellipses"
0.304218792270117,44.9435374619743,1,0,1,1,"Ellipses"
0.273034949880729,55.822218647244,3,0,0,0,"Ellipses"
-0.0341503893483603,185.029215385541,1,1,0,1,"Ellipses"
0.228569532634234,59.8761202812395,1,2,0,0,"Ellipses"
-0.0621421402894428,1410.34419198601,0,1,0,2,"Ellipses"
0.242416528407298,36.007118574848,2,0,0,1,"Ellipses"
0.486693380516013,21.3300536584486,1,0,2,0,"Ellipses"
0.0908329858298564,83.821063062909,2,0,1,0,"Ellipses"
0.393491883401086,23.5206828606799,3,0,0,0,"Ellipses"
0.173226409209675,59.8694105279782,1,0,1,1,"Ellipses"
0.23584699526042,60.8784552097156,2,0,0,1,"Ellipses"
0.287583067408216,38.3492308115276,1,0,0,2,"Ellipses"
0.386935048304851,26.9369688968943,2,0,0,1,"Ellipses"
-0.0819111803312694,3371.07314908273,2,1,0,0,"Ellipses"
0.0896185095498248,178.866255215431,2,1,0,0,"Ellipses"
-0.0158083973999542,156.271393579028,0,1,1,1,"Ellipses"
0.349702251540143,33.5787130076852,2,1,0,0,"Ellipses"
0.166265869408763,138.042971117694,0,1,0,2,"Ellipses"
0.476699734477138,19.5396847614234,1,1,0,1,"Ellipses"
0.238593491759617,52.9247896570764,1,1,1,0,"Ellipses"
0.177903743404471,119.813184863302,1,0,0,2,"Ellipses"
0.420498463507604,28.7154252662728,2,0,1,0,"Ellipses"
-0.0795932939928889,2565.75102976067,1,1,0,1,"Ellipses"
-0.06804113378608,601.761864395531,2,1,0,0,"Ellipses"
-0.0676708130875137,3070.41247671691,1,1,0,1,"Ellipses"
0.195464627347549,138.198345564324,2,0,0,1,"Ellipses"
-0.0996562140860047,3649.5866956675,0,2,0,1,"Ellipses"
0.273537037006293,36.8053164640037,2,0,0,1,"Ellipses"
0.387298070324118,30.2567827680221,2,0,1,0,"Ellipses"
0.470249820525364,29.7533829260272,1,0,0,2,"Ellipses"
0.137278813068123,63.6513314903768,3,0,0,0,"Ellipses"
-0.0737659873717231,1178.38540329055,1,0,1,1,"Ellipses"
0.294051571249314,35.116651873938,2,0,0,1,"Ellipses"
-0.107864407309992,3693.81942437258,1,1,0,1,"Ellipses"
0.0194360223560104,243.115058995038,2,1,0,0,"Ellipses"
-0.0335340255216031,186.870109040462,1,1,0,1,"Ellipses"
0.216457422737771,55.2964607117895,3,0,0,0,"Ellipses"
-0.090355646094845,3270.0283506605,0,1,1,1,"Ellipses"
0.00726565269849183,143.324442888686,1,1,0,1,"Ellipses"
0.347955270256301,30.9256977365731,3,0,0,0,"Ellipses"
0.339298185623444,25.213812015484,2,0,1,0,"Ellipses"
0.403754678354197,37.4364212266211,2,0,1,0,"Ellipses"
0.00504535758708153,163.698124916213,1,0,0,2,"Ellipses"
0.350416972289243,30.8205596109568,2,1,0,0,"Ellipses"
0.379269071322489,34.3433643833155,2,0,1,0,"Ellipses"
-0.0159033988949024,217.985281800575,2,0,0,1,"Ellipses"
-0.0527301321864167,1828.48255769385,2,1,0,0,"Ellipses"
-0.098601971260532,1504.05540507686,1,0,0,2,"Ellipses"
-0.0906333436989115,716.501585086221,2,1,0,0,"Ellipses"
-0.0392239653536694,362.169594435504,1,2,0,0,"Ellipses"
0.278208232062499,33.876429678317,1,0,2,0,"Ellipses"
0.186376685777615,46.3579227650406,2,0,1,0,"Ellipses"
0.0226075432015495,88.7849336727997,1,1,0,1,"Ellipses"
0.60399289125797,12.7674247616482,0,1,2,0,"Ellipses"
0.364378444764181,33.4342982851968,1,0,2,0,"Ellipses"
0.283955039844485,40.7340439938019,3,0,0,0,"Ellipses"
0.206080928629578,35.6825736509055,1,0,2,0,"Ellipses"
0.150604932856349,35.8555311132563,1,0,1,1,"Ellipses"
0.35590624800649,22.3819217298583,3,0,0,0,"Ellipses"
